Column1;Column2;Column3;Column4;Column5;Column6;Column7
BGRF_ID;Title;Author;Author1;Author2;Author3;Author4
00.1;Adèle de Montmorency;;;;;
00.10;Camille et Agathe;;;;;
100;Le conscrit;LEMAIRE, Henri;;;;
101;Julienne;LEPREUX, J.-O.;;;;
102;Nella;LE VACHER DE LA FEUTRIE, madame S.-M.;;;;
104;Miralba, chef de brigands;MALARME, Charlotte de Bournon, comtesse de;;;;
105;Entretiens philosophiques et politiques;MEISTER, Jakob Heinrich;;;;
106;Irma;MÉRÉ, Elisabeth Guénard, madame Brossin de;;;;
107;Zulmée;MÉRÉ, Elisabeth Guénard, madame Brossin de;;;;
108;Elise Duménil;MONTALEMBERT, Marie-Joséphine de Comarrieu, marquise de;;;;
109;Histoire de quatre Espagnols;MONTJOIE, Félix-Louis-Christophe;;;;
00.11;Caroline et Saint-Hilaire;;;;;
111;Rodolphe;NEYER, J.-A.;;;;
112;L’antipode de Marmontel ;NOGARET, François-Félix;;;;
113;Paris;NOUGARET, Pierre-Jean-Baptiste;;;;
114;Vie, amours et aventures;PAGÈS, François-Xavier;;;;
115;Mémoires anecdotiques;PERNAY, F.-Daniel;;;;
116;Les amans de Corinthe;PERTUSIER, Charles;;;;
117;Mes premières étourderies;PERTUSIER, Charles;;;;
118;Zoflora;PICQUENARD, J.-B.;;;;
119;Adèle et d’Abligny;PIGAULT-LEBRUN, Charles-Antoine-Guillaume Pigault de l’Epinay, dit;;;;
00.12;D’Orbieux et Cécile;;;;;
120;Métusko;PIGAULT-LEBRUN, Charles-Antoine-Guillaume Pigault de l’Epinay, dit;;;;
121;Mon oncle Thomas;PIGAULT-LEBRUN, Charles-Antoine-Guillaume Pigault de l’Epinay, dit;;;;
122;Monsieur de Klinglin;PIGAULT-LEBRUN, Charles-Antoine-Guillaume Pigault de l’Epinay, dit;;;;
123;Théodore;PIGAULT-LEBRUN, Charles-Antoine-Guillaume Pigault de l’Epinay, dit;;;;
125;Marcelin;PISSOT, Noël-Laurent;;;;
127;Les folies d’un conscrit;QUESNÉ, Jacques Salbigoton;;;;
128;Le cimetière de la Madeleine;REGNAULT-WARIN, Jean-Baptiste-Joseph-Innocent-Philadelphe;;;;
129;La jeunesse de Figaro;REGNAULT-WARIN, Jean-Baptiste-Joseph-Innocent-Philadelphe;;;;
00.13;Les effets du repentir;;;;;
130;Les prisonniers du Temple;REGNAULT-WARIN, Jean-Baptiste-Joseph-Innocent-Philadelphe;;;;
131;Roméo et Juliette;REGNAULT-WARIN, Jean-Baptiste-Joseph-Innocent-Philadelphe;;;;
132;Claude et Claudine;ROSNY, Antoine-Joseph-Nicolas de;;;;
133;Le délire du sentiment;ROSNY, Antoine-Joseph-Nicolas de;;;;
134;Le rêve d’un philosophe;ROSNY, Antoine-Joseph-Nicolas de;;;;
135;Les crimes de l’amour;SADE, Donatien-Alphonse-François, marquis de;;;;
136;Deslacs d’Arcambal;SALVERTE, Aglaé;;;;
137;L’observateur sentimental;SANCHAMAU, J.-B.;;;;
138;Brick Bolding;SEWRIN, Charles-Augustin de Bassompierre, dit;;;;
00.14;Éléonore et d’Arsans;;;;;
144;Ardent;SUREMAIN, Louise-Marie Melchior;;;;
145;Le chevalier Robert;TRESSAN, abbé Maurice-Elisabeth de Lavergne de;;;;
146;Betzi;VILDÉ, madame L.;;;;
147;Antoine et Jeannette;VILLEMAIN D’ABANCOURT, François-Jean;;;;
148;Le canevas à la diable;VOIART, Jacques-Philippe;;;;
00.15;L’enfant chéri des dames;;;;;
00.16;L’enfant du bordel;;;;;
00.17;Les épreuves de la maternité;;;;;
00.18;Euphémie;;;;;
00.19;Les femmes démasquées;;;;;
00.21;Frédéric et Jenny;;;;;
00.22;Honorina;;;;;
00.23;Isménie;;;;;
00.24;Melcour et Sophie;;;;;
00.25;La méprise;;;;;
00.26;Mistriss Walter;;;;;
00.28;Le père barbare;;;;;
00.29;Rosabelle;;;;;
00.30;Roseide et Valmor;;;;;
00.31;Sidney et Worton;;;;;
00.34;Le somnambule financier;;;;;
00.35;Souvenirs d’Ernest;;;;;
00.36;Le Tartuffe révolutionnaire;;;;;
00.37;Zoloé et ses deux acolythes;;;;;
00.39;Le comte d’A****;ANDRÉ, Jean-François;SÉRIEYS, Antoine;;;
00.40;Suzette;ANDRÉ, Jean-François;;;;
00.41;Contes et opuscules;ANDRIEUX, François-Guillaume-Jean-Stanislas;;;;
00.43;Elle et moi;BEAUFORT D’AUBERVAL, Alphonse-Aimé;;;;
00.44;Anna Grenwil;BELLIN DE LA LIBORLIÈRE, Louis-François-Marie;;;;
00.48;Henriette et Edouard;BIZET;CHAUSSIER, Hector;;;
00.49;Les enfans de la nature;BLANCHARD, Pierre;;;;
00.5;Alexis et Rosalie;;;;;
00.50;Philétas;BLANCHARD, Pierre;;;;
00.51;Rosebelle;BLANCHARD, Pierre;;;;
00.52;La mendiante de qualité;BOULLAULT, Mathurin-J.;;;;
00.54;Eugénio et Virginia;BRAYER DE SAINT-LÉON, Louise-Marguerite-Jeanne-Madeleine;;;;
00.55;Lioncel;BRUNO, Louis de;;;;
00.56;Les aventures de Cléon;CASTELNAU, marquis Gabriel de;;;;
00.57;Les amours et avantures de sir Nigaudinet;CILED, F.-A.;;;;
00.58;Le chevalier noir;COIFFIER DE VERSEUX, le baron Henri-Louis;;;;
00.6;Angélique et Sainte-Eugène;;;;;
00.60;Malvina;COTTIN, Sophie Ristaud, dame;;;;
00.61;Lycas et Chloé;DAMIN, Louis;;;;
00.62;Adelphine de Rostanges;DESFORGES, Pierre-Jean-Baptiste Choudard;;;;
00.63;Souvenirs de mylady Cartemane;DIANNYERE, Antoine;;;;
00.64;Ma tante Geneviève;DORVIGNY, Louis-Archambault;;;;
00.65;Le nouveau roman comique;DORVIGNY, Louis-Archambault;;;;
00.66;Les quatre cousins;DORVIGNY, Louis-Archambault;;;;
00.67;Contes moraux de ma grand’tante;DUCRAY-DUMINIL, François-Guillaume;;;;
00.68;Sélinde;DUSAUSOIR, François-Jean;;;;
00.69;Œuvres posthumes de Florian;FLORIAN, Jean-Pierre Claris de;;;;
00.7;Augusta;;;;;
00.71bis;Quatre nouvelles;FULCHIRON, Jean-Claude;;;;
00.72;Elisca;GARDY, J.-A.;;;;
00.73;Floris;GARDY, J.-A.;;;;
00.74;Le solitaire des Pyrénées;GAUDIN DE LAGRANGE;;;;
00.75;Les mères rivales;GENLIS, Stéphanie-Félicité Ducrest de Saint-Aubin, marquise de Sillery, comtesse de;;;;
00.79;Les amans vendéens;GOSSE, Étienne;;;;
00.8;Aurélia;;;;;
00.80;Gasparin;GOSSE, Étienne;;;;
00.81;Synaïb et Zora;GRANDMAISON VAN ESBECQ, madame;;;;
00.87;Les voyages de Rolando;JAUFFRET, Louis-François;;;;
00.89;Voyage de vingt-quatre heures;KÉRATRY, Auguste-Hilarion de;;;;
00.9;Aventures et anecdotes françoises;;;;;
00.91;Recueil d’anecdotes;KÜHNE, F.-Th.;;;;
00.92;Recueil de contes;KÜHNE, F.-Th.;;;;
00.93;Le château d’Alvarino;LA GRAVE, comtesse de;;;;
00.94;Melcourt et Célia;LAISNÉ, Nicolas-Gabriel;;;;
00.95;Les arts et l’amitié;LA SERRIE, François-Joseph de;;;;
00.96;Eulalie de Rochester;LA SERRIE, François-Joseph de;;;;
00.98;Le château de Duncam;LECLERC, Michel-Théodore;;;;
51.1;Elixir du sentiment ;;;;;
51.10;Amours d’Alzidor et de Charisée;BARET, Paul;;;;
51.11;Le tombeau philosophique;BASTIDE, Jean-François de;;;;
51.12;Rézéda;BELIARD, François;;;;
51.13;Mémoires historiques;BODIN DE BOISMORTIER, Suzanne;;;;
51.14;Les filles femmes et les femmes filles;BOISSY, Louis de;;;;
51.15;La fortune;BOUREAU-DESLANDES, André-François;;;;
51.20;Aventures de Londres;DANET, abbé Etienne-Jean;;;;
51.21;Les plaisirs secrets d’Angélique;DELRUE, abbé;;;;
51.22;Mémoires;DUCLOS, Charles Pinot;;;;
51.23;La mère marâtre;DUFOUR, P.;;;;
51.24;La toilette du philosophe;ESTÈVE, Pierre;;;;
51.25;Le triomphe de l’amitié;FALQUES, Marianne-Agnès;;;;
51.27;Mémoires de Cécile;GUICHARD, Eléonore;;;;
51.3;Les heureux événements;;;;;
51.31;Lettres siamoises;LANDON, Jean-Joseph;;;;
51.32;Mémoires de Versorand;LA SOLLE, Henri-François de;;;;
51.33;Blancherose;LUBERT, mademoiselle de;;;;
51.34;Les hauts faits d’Esplandian;LUBERT, mademoiselle de;;;;
51.35;Chimoctu;MAILHOL, Gabriel;;;;
51.36;Le petit-maitre philosophe;MAINVILLIERS, Genu Soalhat, chevalier de;;;;
51.37;Les avis d’un père à son fils;MARCHAND, Jean-Henri;;;;
51.38;Voyage d’Alcimédon;MARTIGNY, comte de;;;;
51.39;Zoroastre;MÉHÉGAN, Guillaume-Alexandre, chevalier de;;;;
51.4;Histoire admirable du Juif errant;;;;;
51.41;Histoire des passions;TOUSSAINT, François-Vincent;;;;
51.42;Histoire de la félicité;VOISENON, Claude-Henri de Fusée, abbé de;;;;
51.5;Histoire de Camouflet;;;;;
51.7;Vénus à confesse;;;;;
51.8;Zeczeczeb;;;;;
51.9;Le bal de Venise;ARNAUD, François-Thomas-Marie de Baculard d’;;;;
52.11;Le faux oracle et l’Illusion d’un instant;BASTIDE, Jean-François de;;;;
52.12;Lettres d’amour du chevalier de ***;BASTIDE, Jean-François de;;;;
52.13;Les ressources de l’amour;BASTIDE, Jean-François de;;;;
52.14;Histoire d’Ema;BISSY, Claude de Thyard, comte de;;;;
52.15;Le Mexique conquis;BOESNIER;;;;
52.16;Le mot et la chose;CAMPAN, Dominique;;;;
52.17;Cela est singulier;CHEVRIER, François-Antoine;;;;
52.18;Ma-gakou;CHEVRIER, François-Antoine;;;;
52.19;Minakalis;CHEVRIER, François-Antoine;;;;
52.2;Les dégoûts du plaisir;;;;;
52.23;Mémoires de monsieur de Berval;FYOT DE LA MARCHE, Jean-Philippe;;;;
52.26;La laideur aimable;LA PLACE, Pierre-Antoine de;;;;
52.27;Anecdotes de la cour de Bonhommie;LA SOLLE, Henri-François de;;;;
52.28;Cornichon et Toupette;LUBERT, mademoiselle de;;;;
52.29;Mourat et Turquia;LUBERT, mademoiselle de;;;;
52.3;La double marotte;;;;;
52.31;Aventures d’Ulysse dans l’isle d’Aeaea;MAMIN;;;;
52.32;L’isle de France;MARCHADIER, abbé;;;;
52.33;Virginie;MARIN, le père Michel-Ange;;;;
52.35;Opuscule d’un célèbre auteur égyptien;MOUHY, Charles de Fieux, chevalier de;;;;
52.36;Le plaisir et la volupté;PUISIEUX, Madeleine d’Arsant, madame de;;;;
52.4;Gui Gui;;;;;
52.40;La folle sensée;TSCHUDY, Thédore-Henri, baron de;;;;
52.41;Le beau-frère supposé;VILLENEUVE, Gabrielle-Suzanne Barbot de;;;;
52.42;L’infortuné Français;VILLIERS, P. de;;;;
52.43;Le Micromégas ;VOLTAIRE, François-Marie Arouet de;;;;
52.7;Mémoires de madame de ***;;;;;
52.9;Saroutaki et Alibek;;;;;
53.1;L’école des filles;;;;;
53.10;Mémoires d’une honnête femme;CHEVRIER, François-Antoine;;;;
53.11;Le quart d’heure d’une jolie femme;CHEVRIER, François-Antoine;;;;
53.12;L’oracle de Cithère;CHICANEAU DE NEUVILLE, Didier-Pierre;;;;
53.14;Abbassai;FALQUES, Marianne-Agnès;;;;
53.15;Contes du sérail traduits du turc;FALQUES, Marianne-Agnès;;;;
53.17;Le voyage de Mantes;GIMAT DE BONNEVAL, Jean-Baptiste;;;;
53.18;Le petit prophète de Boehmischbroda;GRIMM, Friedrich Melchior, baron;;;;
53.19;La Christiade;LABAUME-DESDOSSAT, abbé Jacques-François de;;;;
53.22;Lettres de Julie à Ovide;LEZAY-MARNÉZIA, Charlotte-Antoinette de Bressay, marquise de;;;;
53.23;La nouvelle du jour;MAILHOL, Gabriel;;;;
53.24;Le soldat parvenu;MAUVILLON, Eléazar de;;;;
53.26;Naufrage des isles flottantes;MORELLY;;;;
53.27;Les délices du sentiment;MOUHY, Charles de Fieux, chevalier de;;;;
53.28;Lettres du commandeur de ***;MOUHY, Charles de Fieux, chevalier de;;;;
53.30;Mémoires d’un honnête homme;PRÉVOST, abbé Antoine-François;;;;
53.31;L’éducation du marquis de ***;PUISIEUX, Madeleine d’Arsant, madame de;;;;
53.33;Amilec;TIPHAIGNE DE LA ROCHE, Charles-François;;;;
53.34;La jardinière de Vincennes;VILLENEUVE, Gabrielle-Suzanne Barbot de;;;;
53.4;Les têtes folles;BASTIDE, Jean-François de;;;;
53.5;La trentaine de Cithère;BASTIDE, Jean-François de;;;;
53.7;Roman oriental;BLANES, Henri-Barthélemy;;;;
53.8;Le monde joué;BOUDIER DE VILLEMERT, Pierre-Joseph;;;;
53.9;La baronne de Saint Clair;CHEVRIER, François-Antoine;;;;
54.1;L’amour-propre sacrifié;;;;;
54.10;Le grelot;BARET, Paul;;;;
54.13;Ah! quel conte!;CRÉBILLON, Claude-Prosper Jolyot de;;;;
54.14;Histoire de Ruspia;DU HAUTCHAMP;;;;
54.16;Carmentière;GIRONNET;;;;
54.19;Histoire secrette du prophète des Turcs;LANCELIN;;;;
54.2;Histoire de mademoiselle Brion;;;;;
54.20;Thoms (sic) Kenbrook.;LA PLACE, Pierre-Antoine de;;;;
54.22;Abdeker;LE CAMUS, Antoine;;;;
54.23;Civan, roi de Bungo;LEPRINCE DE BEAUMONT, madame Marie;;;;
54.24;Mémoires de Justine;MAGNY, Jean-Baptiste-Michel;;;;
54.27;L’ami de la fortune;MAUBERT DE GOUVEST, Jean-Henri;;;;
54.27bis;L’école du gentilhomme ;MAUBERT DE GOUVEST, Jean-Henri;;;;
54.28;L’illustre païsan;MAUBERT DE GOUVEST, Jean-Henri;;;;
54.29;Les femmes;MERAY, chevalier de;;;;
54.3;L’inconstant puni par l’inconstance;;;;;
54.30;Mémoires du marquis de Bénavidès;MOUHY, Charles de Fieux, chevalier de;;;;
54.31;Mirza et Fatmé;SAURIN, Bernard-Joseph;;;;
54.33;Amilec;TIPHAIGNE DE LA ROCHE, Charles-François;;;;
54.34;Le juge prévenu;VILLENEUVE, Gabrielle-Suzanne Barbot de;;;;
54.4;Mirélis et Zinzênie;;;;;
54.5;La vengeance naturelle;;;;;
54.8;Le palais du silence;ARCQ, Philippe-Auguste de Sainte-Foix, chevalier d’;;;;
54.9;Le roman du jour;ARCQ, Philippe-Auguste de Sainte-Foix, chevalier d’;;;;
55.1;Les délices du jour;;;;;
55.10;La vie voluptueuse;;;;;
55.11;Le vis-à-vis et la désobligeante;;;;;
55.12;Voyages curieux d’un Philadelphe;;;;;
55.14;L’être pensant;BASTIDE, Jean-François de;;;;
55.15;Les amans philosophes;BROHON, Jacqueline-Aimée;;;;
55.16;La nuit et le moment;CRÉBILLON, Claude-Prosper Jolyot de;;;;
55.17;Histoire et aventures de milord Pet;DUCLOS, Charles Pinot;;;;
55.18;Le miroir des princesses orientales;FAGNAN, Marie-Antoinette;;;;
55.19;Les préjugés trop bravés et trop suivis ;FALQUES, Marianne-Agnès;;;;
55.20;Mémoires du chevalier d’Erban;GANIFEY;;;;
55.22;Mémoires du comte de Baneston;GUILLOT DE LA CHASSAGNE, abbé Ignace-Vincent;;;;
55.23;La baguette mystérieuse;GUYS, Jean-Baptiste;;;;
55.24;Confession générale du chevalier de Wilfort;HUBERT (d’Orléans);;;;
55.26;Les erreurs de l’amour et de la vanité;LIEBAUT;;;;
55.27;Voyage au labyrinthe du Jardin du Roi;LINGUET, Simon-Nicolas-Henri;;;;
55.28;Léonille;LUBERT, mademoiselle de;;;;
55.29;Le cabriolet;MAILHOL, Gabriel;;;;
55.3.;Le faux ravisseur;;;;;
55.30;Zélindor et Zaïre;MARCILLY, Laurent;;;;
55.31;La brochure à la mode;MARESCOT, Michel;;;;
55.32;Origine des cabriolets;MARESCOT, Michel;;;;
55.34;Le triomphe de l’amour;MICHEL (de Saint-Sauveur-le-Vicomte);;;;
55.35;L’amante anonyme;MOUHY, Charles de Fieux, chevalier de;;;;
55.36;Le financier;MOUHY, Charles de Fieux, chevalier de;;;;
55.37;Les égarements de Julie;PERRIN, Jacques-Antoine-René;;;;
55.38;Zamor et Almanzine;PUISIEUX, Madeleine d’Arsant, madame de;;;;
55.39;Histoire de Louis Mandrin;REGLEY, abbé;;;;
55.4;La femme malconseillée et le mari prudent;;;;;
55.41;Les faux pas;ROUSSEAU, Pierre (de Toulouse);;;;
55.5;L’infortuné Provençal;;;;;
55.6;Lettres amoureures (sic);;;;;
55.8;Le mari mécontent de sa femme;;;;;
55.9;Mémoires de M. de M***;;;;;
56.1;L’étoile heureuse;;;;;
56.10;L’heureuse victime;DESBIEFS, Louis;;;;
56.11;Nine;DESBIEFS, Louis;;;;
56.12;Sophie;DESBIEFS, Louis;;;;
56.14;La princesse de Gonsague;DU TERRAIL, Joseph;;;;
56.16;Les aventures portugaises;JORE, Claude-François;;;;
56.19;Magasin des enfans;LEPRINCE DE BEAUMONT, madame Marie;;;;
56.2;Le frère questeur;;;;;
56.21;Les spectacles nocturnes;MAGNY, Jean-Baptiste-Michel;;;;
56.23;Histoire de la marquise de Terville;MÉHÉGAN, Guillaume-Alexandre, chevalier de;;;;
56.24;Lettres d’Aspasie;MÉHÉGAN, Guillaume-Alexandre, chevalier de;;;;
56.25;L’empire des passions;PERRIN, Jacques-Antoine-René;;;;
56.3;Histoire de Nicolas I;;;;;
56.30;Le temps perdu;THOREL DE CAMPIGNEULLES, Charles-Claude-Florent de;;;;
56.31;Mémoires de Lucile;VAREILLES-SOMMIÈRES, Auguste-Jean-François-Antoine de Labroue, baron de;;;;
56.4;Le moine galant;;;;;
56.5;Nouvelle brochure;;;;;
56.7;La poissardiana;CAILLEAU, André-Charles;;;;
56.8;Madame la comtesse de Montglas;CARNÉ, de;;;;
56.9;L’amant salamandre;COINTREAU;;;;
57.1;Histoire d’un peuple nouveau;;;;;
57.10;Histoire des Cacouacs;MOREAU, Jacob-Nicolas;;;;
57.12;Lettres de mistriss Fanni Butlerd;RICCOBONI, Marie-Jeanne Laboras de Mézières, madame;;;;
57.14;Le danger des passions;THIBOUVILLE, Henri de Lambert d’Herbigny, marquis de;;;;
57.15;L’école de l’amitié;THIBOUVILLE, Henri de Lambert d’Herbigny, marquis de;;;;
57.16;Poliergie;VATTEL, Emerich de;;;;
57.17;Mémoires de mesdemoiselles de Marsange ;VILLENEUVE, Gabrielle-Suzanne Barbot de;;;;
57.2;Le siège de Mahon;;;;;
57.3;Mademoiselle Javotte;BARET, Paul;;;;
57.9;Lettres galantes et morales;MOISSY, Alexandre-Guillaume Mouslier de;;;;
58.1;Conte phrygien;;;;;
58.12;La dernière guerre des bêtes;FALQUES, Marianne-Agnès;;;;
58.13;Lettres parisiennes;JACQUIN, abbé Armand-Pierre;;;;
58.15;Mes fragments;LAMBERG, Maximilien, Graf von;;;;
58.17;Histoire de M. le marquis de Cressy;RICCOBONI, Marie-Jeanne Laboras de Mézières, madame;;;;
58.18;La reine Fantasque;ROUSSEAU, Jean-Jacques;;;;
58.19;Mémoires de monsieur de Bordeaux;SANDRAS DE COURTILZ, Catien de;;;;
58.2;Delphinie;;;;;
58.20;Mémoires de Schach-Tamas II;TALLEMAND, abbé;;;;
58.3;Les frivolités galantes;;;;;
58.4;Histoire de Julie;;;;;
58.5;Voyage dans les espaces;ABBES DE CABREROLES, d’;;;;
58.7;Les aventures de Victoire Ponty;BASTIDE, Jean-François de;;;;
58.8;Les pensées errantes;BENOUVILLE, madame de;;;;
58.9;L’univers perdu et reconquis par l’amour;CARNÉ, de;;;;
59.1;La Champenoise;;;;;
59.10;Le livre d’airain;BRICAIRE DE LA DIXMERIE, Nicolas;;;;
59.12;Madame la marquise de Pompadour;FALQUES, Marianne-Agnès;;;;
59.13;Le mage de Chica;GRAILLARD DE GRAVILLE, Barthélemy-Claude;;;;
59.17;Lettres curieuses, instructives & amusantes;LEPRINCE DE BEAUMONT, madame Marie;;;;
59.18;Joujou de nouvelle façon;LOS RIOS, Charlotte-Marie;;;;
59.19;Mon radotage et celui des autres;MARCHAND, Jean-Henri;;;;
59.22;Lettres de milady Juliette Catesby;RICCOBONI, Marie-Jeanne Laboras de Mézières, madame;;;;
59.23;L’espion;SAINT-FLOUR;;;;
59.24;Bigarrures philosophiques;TIPHAIGNE DE LA ROCHE, Charles-François;;;;
59.25;Candide;VOLTAIRE, François-Marie Arouet de;;;;
59.26;Le Jésuite Bertier;VOLTAIRE, François-Marie Arouet de;;;;
59.27;Les femmes de mérite;YON, le chevalier;;;;
59.5;Origine du rouge que portent les dames;;;;;
59.7;Callophile;BARTHEZ (avocat);;;;
59.8;Mes principes;BENOIST, Françoise-Albine Puzin de La Martinière, madame;;;;
59.9;L’isle taciturne et l’isle enjouée;BRICAIRE DE LA DIXMERIE, Nicolas;;;;
60.1;Conseil de lanternes;;;;;
60.10;Les amours de Carite et de Polydore;BARTHÉLEMY, abbé Jean-Jacques;;;;
60.11;Œuvres mêlées;BEAUMER, madame de;;;;
60.14;Relation de Phihihu;FRÉDÉRIC II, le Grand, roi de Prusse;;;;
60.15;Les céramiques;GALTIER, Jean-Louis, dit Galtier de Saint-Symphorien;;;;
60.18;Anecdotes galantes;HACOT, Joseph;;;;
60.2;Lettres sylphiques;;;;;
60.20;Mémoires de niiledi B …;LA GUESNERIE, Charlotte-Marie-Anne Charbonnier de;;;;
60.21;Daïra;LA POPELINIÈRE, Alexandre-Jean-Joseph Le Riche de;;;;
60.23;Magasin des adolescentes;LEPRINCE DE BEAUMONT, madame Marie;;;;
60.24;Les sauvages de l’Europe;LESUIRE, Robert-Martin;;;;
60.25;Testament histori-morali-politique;MARCHAND, Jean-Henri;;;;
60.28;Le monde moral;PRÉVOST, abbé Antoine-François;;;;
60.29;Le cosmopolite;RABELLEAU;;;;
60.3;Méridor;;;;;
60.30;Anecdotes morales sur la fatuité;THOREL DE CAMPIGNEULLES, Charles-Claude-Florent de;;;;
60.31;Candide;THOREL DE CAMPIGNEULLES, Charles-Claude-Florent de;;;;
60.32;Giphantie;TIPHAIGNE DE LA ROCHE, Charles-François;;;;
60.33;Tant mieux pour elle;VOISENON, Claude-Henri de Fusée, abbé de;;;;
60.34;Jésuite Bertier;VOLTAIRE, François-Marie Arouet de;;;;
60.4;Nouvelles amoureuses;;;;;
60.5;Le père honoré;;;;;
60.6;Le rhume à la mode;;;;;
60.7;Tant pis pour elles, tant pis pour eux;;;;;
61.11;Agnez de Saint Amour;MARIN, le père Michel-Ange;;;;
61.12;Contes moraux;MARMONTEL, Jean-François;;;;
61.13;La raison du temps;MERAY, chevalier de;;;;
61.15;La petite-nièce d’Eschyle;NEUFVILLE DE BRUNABOIS-MONTADOR, chevalier Jean-Florent-Joseph de;;;;
61.17;Les aventures de Periphas;PUGET DE SAINT-PIERRE;;;;
61.18;Lettres de deux amans;ROUSSEAU, Jean-Jacques;;;;
61.19;Les amours de Mirtil;SACY, Claude-Louis-Michel de;;;;
61.2;Les Capucins sans barbe;;;;;
61.22;Mémoires d’un Frivolité ;TACONNET, Toussaint-Gaspard;;;;
61.25;Le voyageur philosophe;VILLENEUVE DE LISTONAY;;;;
61.26;Seconde suite de mélanges;VOLTAIRE, François-Marie Arouet de;;;;
61.3;Le philosophe sérieux;;;;;
61.6;La reine de Golconde;BOUFFLERS, Stanislas-Jean, marquis de;;;;
61.8;Honny soit qui mal y pense;JULLIEN, Jean-Auguste, dit Desboulmiers;;;;
61.9;Mémoires du comte de Guine par M***;LE BLANC DE GUILLET, Antoine Blanc, dit;;;;
62.1;La blondine;;;;;
62.10;Les amusemens des dames de B***;CHEVRIER, François-Antoine;;;;
62.11;Le colporteur;CHEVRIER, François-Antoine;;;;
62.13;Suite de l’histoire du chevalier des Grieux;COURCELLES;;;;
62.14;Floricourt;DORAT, Claude-Joseph;;;;
62.15;Les Zelindiens;FALQUES, Marianne-Agnès;;;;
62.2;La force du tempérament;;;;;
62.20;Lettres et mémoires;HUERNE DE LA MOTHE, François-Charles;;;;
62.21;Les promenades et rendez-vous;HUERNE DE LA MOTHE, François-Charles;;;;
62.22;Les soirées du Palais-Royal;JULLIEN, Jean-Auguste, dit Desboulmiers;;;;
62.23;Les succès d’un fat;KÉRAUO, Marie-Françoise Abeille, madame de;;;;
62.27;La Farfalla;MARIN, le père Michel-Ange;;;;
62.28;Théodule;MARIN, le père Michel-Ange;;;;
62.3;Lettres de Bendé à Monreset;;;;;
62.30;Alzarac;PUISIEUX, Madeleine d’Arsant, madame de;;;;
62.32;La paysanne philosophe;ROBERT, Marie-Anne de Roumier, madame;;;;
62.33;Émile;ROUSSEAU, Jean-Jacques;;;;
62.36;Le Jésuite misopogon séraphique;TAUPIN D’ORVAL, Jean-Louis-Claude;;;;
62.37;Les usages;TRESSAC DE VERGY, Pierre-Henri;;;;
62.38;Rousseau;VINCENT, Jean-Louis;;;;
62.4;Lettres de mademoiselle de Jussy;;;;;
62.5;Lettres galantes;;;;;
62.6;Le Pythagore moderne;;;;;
62.7;Rêve d’un Aristarque moderne;;;;;
62.9;La petite maison;BASTIDE, Jean-François de;;;;
63.1;Les botaniques;;;;;
63.10;Nouvelles monacales;;;;;
63.11;Le pauvre diable provincial;;;;;
63.12;Philochore et Agathon;;;;;
63.14;La religieuse en chemise;;;;;
63.16;Zaîde;;;;;
63.17;Contes de monsieur de Bastide;BASTIDE, Jean-François de;;;;
63.18;L’élève de la nature;BEAURIEU, Gaspard Guillard de;;;;
63.19;Ollivier;CAZOTTE, Jacques;;;;
63.2;Confidences à une amie;;;;;
63.21;Le noble;CHARRIÈRE, Isabelle-Agnès-Elisabeth van Tuyll van Serooskerken van Zuylen, dame de;;;;
63.23;L’enfant trouvé;CONTANT D’ORVILLE, André-Guillaume;;;;
63.25;Le hazard du coin du feu;CRÉBILLON, Claude-Prosper Jolyot de;;;;
63.26;L’ Arretin;DULAURENS, abbé Henri-Joseph L’Arrétin;;;;
63.3;Les deux cousines;;;;;
63.30;L’optique;GUÉRINEAU DE SAINT-PÉRAVI, Jean-Nicolas-Marcellin;;;;
63.32;L’enfantement de Jupiter;HUERNE DE LA MOTHE, François-Charles;;;;
63.33;Mémoires du chevalier Berville;LECH;;;;
63.38;Henriette de Marconne;PERRIN, Jacques-Antoine-René;;;;
63.39;La voix de la nature;ROBERT, Marie-Anne de Roumier, madame;;;;
63.4;Histoire anglaise de milord Feld;;;;;
63.40;Le danger des liaisons;SAINT-AUBIN, madame Mézières du Crest, baronne d’Andlau, marquise de;;;;
63.41;L’amour éprouvé par la mort;THIROUX D’ARCONVILLE, Marie-Geneviève-Charlotte Darius, madame;;;;
63.42;Le nouvel Abailard;THOREL DE CAMPIGNEULLES, Charles-Claude-Florent de;;;;
63.5;Histoire des diables modernes;;;;;
63.6;Histoire de Zulime;;;;;
63.7;Lettres d’un citoyen de Genève;;;;;
63.8;Lettres trouvées;;;;;
63.9;La marquise de Pompadour ;;;;;
64.1;Adélaïde;;;;;
64.10;Histoire de Mlle Laure;;;;;
64.11;Les loisirs et amusemens de ma solitude;;;;;
64.12;Oeuvres diverses de Monsieur P*** de F.;;;;;
64.13;La tête de mort et le masque d’argent...;;;;;
64.14;Fanni;ARNAUD, François-Thomas-Marie de Baculard d’;;;;
64.2;L’amant auteur et malheureux;;;;;
64.20;Mémoires d’Azéma;CONTANT D’ORVILLE, André-Guillaume;;;;
64.21;L’humanité récompensée par l’amour;DIGARD DE KERGUETTE, Jean;;;;
64.22;Nouveau recueil de pièces;DUMONT, madame, née Lutel;;;;
64.23;Lettres du marquis de Roselle;ELIE DE BEAUMONT, Anne-Louise Dumesnil-Molin, madame;;;;
64.24;Mémoires d’une provinciale;FENESTRE DE HOTOT, Pierre-Alexandre-Eléonor;;;;
64.27;L’espion chinois;GOUDAR, Ange;;;;
64.3;L’amour précepteur;;;;;
64.30;Dom Inigo de Pascarilla ;LAMBERT, abbé Claude-François;;;;
64.35;Le pêcheur cru Norvégeois;MOLIÈRE, J.-L.-J.;;;;
64.38;Contes, avantures et faits singuliers;PRÉVOST, abbé Antoine-François;;;;
64.39;Histoire de miss Jenny;RICCOBONI, Marie-Jeanne Laboras de Mézières, madame;;;;
64.4;Ardasire;;;;;
64.40;Lettres de Cécile à Julie;ROSOI, Barnabé Farmian de, dit Durosoi;;;;
64.41;Les plaisirs d’un jour;SAINTE-COLOMBE, Etienne-Guillaume Colombe, dit;;;;
64.43;Ariste;SÊGUIER DE SAINT-BRISSON;;;;
64.44;L’écolier en vacance ;VILLENEUVE, de;;;;
64.45;Contes de Guillaume Vade;VOLTAIRE, François-Marie Arouet de;;;;
64.5;L’aventure du bal;;;;;
64.6;Le bâtard parvenu;;;;;
64.7;La constance couronnée;;;;;
64.8;Diogène conteur;;;;;
64.9;Essai de critique;;;;;
65.1;La belle au crayon d’or;;;;;
65.11;Le papillotage;;;;;
65.13;Le portefeuille français ;BEAURIEU, Gaspard Guillard de;;;;
65.14;Zélaskim;BÊLIARD, François;;;;
65.15;Histoire amoureuse de Pierre Le Long;BILLARDON DE SAUVIGNY, Louis-Edme;;;;
65.16;Essai de contes moraux et dramatiques ;BRET, Antoine;;;;
65.17;Contes philosophiques et moraux;BRICAIRE DE LA DIXMERIE, Nicolas;;;;
65.18;Le temple de la piété;COMPAN, Charles, abbé;;;;
65.19;L’humanité;CONTANT D’ORVILLE, André-Guillaume;;;;
65.2;La belle Berruyère;;;;;
65.20;Lettres de Sophie et du chevalier de **;DESFONTAINES, François-Georges Fouques, dit;;;;
65.21;Imirce;DU LAURENS, abbé Henri-Joseph;;;;
65.22;La philosophe par amour;GATREY;;;;
65.23;Le bacha de Bude;GINGINS, V. de;;;;
65.25;Les erreurs instructives;JONVAL;;;;
65.26;Rose;JULLIEN, Jean-Auguste, dit Desboulmiers;;;;
65.27;Marianne;KIMBER, Edward;;;;
65.30;Lettres d’Emerance à Lucie;LEPRINCE DE BEAUMONT, madame Marie;;;;
65.31;Les aventures d’un jeune-homme;LONGCHAMPS, abbé Pierre Charpentier de;;;;
65.33;Les bonnets;MAILHOL, Gabriel;;;;
65.34;La marquise de Los Valientes;MARIN, le père Michel-Ange;;;;
65.35;Nouveaux contes moraux ;MARMONTEL, Jean-François;;;;
65.36;Mikou et Mézi;MATON, Alexis;;;;
65.38;La capucinade;NOUGARET, Pierre-Jean-Baptiste;;;;
65.39;Lucette;NOUGARET, Pierre-Jean-Baptiste;;;;
65.40;Recueil de pièces détachées;RICCOBONI, Marie-Jeanne Laboras de Mézières, madame;;;;
65.42;Clairval philosophe;ROSOI, Barnabé Farmian de, dit Durosoi;;;;
65.43;Les amours de Laïs;SACY, Claude-Louis-Michel de;;;;
65.44;Mémoires en forme de lettres;SAINT-AUBIN, madame Mézières du Crest, baronne d’Andlau, marquise de;;;;
65.45;La Vieuville de Camédris;SAINT-CHAMOND, Claire-Marie Mazarelli, marquise de;;;;
65.47;Aventure d’un jeune officier anglais;SAINT-LAMBERT, Jean-François, marquis de;;;;
65.48;Sarah Th.....;SAINT-LAMBERT, Jean-François, marquis de;;;;
65.49;Nouveaux essais;THOREL DE CAMPIGNEULLES, Charles-Claude-Florent de;;;;
65.5;L’éducation du jeune comte D. B***;;;;;
65.50;Histoire des Galligènes;TIPHAIGNE DE LA ROCHE, Charles-François;;;;
65.51;Sanfrein;TIPHAIGNE DE LA ROCHE, Charles-François;;;;
65.52;Lettres de miss Élisabeth Auréli;VINCENT (de Rouen);;;;
65.6;L’escarpolette;;;;;
65.7;Féraddin et Rozéide;;;;;
65.8;L’inconnu;;;;;
66.1;Les amours de Paliris et Dirphé;;;;;
66.10;Célianne;BENOIST, Françoise-Albine Puzin de La Martinière, madame;;;;
66.11;Elisabeth;BENOIST, Françoise-Albine Puzin de La Martinière, madame;;;;
66.12;Histoire de Jacques Féru;BODIN DE BOISMORTIER, Suzanne;;;;
66.14;Le miroir fidèle;CHINIAC DE LA BASTIDE, Jean-Baptiste de;;;;
66.15;La destinée;CONTANT D’ORVILLE, André-Guillaume;;;;
66.16;Le mariage du siècle;CONTANT D’ORVILLE, André-Guillaume;;;;
66.18;Mémoires du chevalier de Gonthieu;DELACROIX, Jacques-Vincent;;;;
66.19;Aventures philosophiques;DUBOIS-FONTANELLE, Joseph-Gaspard;;;;
66.2;Le bal de Saint-Cloud;;;;;
66.20;Amusement curieux et divertissant;DUCRY, Sébastien-Joseph;;;;
66.21;Le compère Mathieu;DU LAURENS, abbé Henri-Joseph;;;;
66.23;Histoires et paraboles du P. Bonaventure;GIRAUDEAU, le père Bonaventure;;;;
66.24;Candidamentor;HARNY DE GUERVILLE;;;;
66.25;De tout un peu;JULLIEN, Jean-Auguste, dit Desboulmiers;;;;
66.27;Mémoires du marquis de Solanges;JULLIEN, Jean-Auguste, dit Desboulmiers;;;;
66.28;Histoire de miss Honora;LEFEBVRE DE BEAUVRAY, Claude-Rigobert;;;;
66.29;Madame la baronne de Batteville;LEPRINCE DE BEAUMONT, madame Marie;;;;
66.30;L’heureuse famille;LEZAY-MARNÉZIA, Claude-François-Adrien, marquis de;;;;
66.31;Mémoires d’une religieuse;LONGCHAMPS, abbé Pierre Charpentier de;;;;
66.33;La reine de Benni;LUCHET, Jean-Pierre-Louis de La Roche du Maine, marquis de;;;;
66.34;Euménie et Gondamir;MAILHOL, Gabriel;;;;
66.35;Mahulem;MARESCOT, Michel;;;;
66.36;Angélique;MARIN, le père Michel-Ange;;;;
66.37;Histoire d’Izerben;MERCIER, Louis-Sébastien;;;;
66.38;Madame la marquise de Crémy;MIREMONT, Anne d’Aubourg de La Boire, comtesse de;;;;
66.39;Le duo interrompu;MOLINE, Pierre-Louis;;;;
66.40;Les passions des différents âges;NOUGARET, Pierre-Jean-Baptiste;;;;
66.5;Lettres galantes et historiques;;;;;
66.6bis;Minutes perdues;;;;;
66.7;Voyage de Robertson aux terres australes;;;;;
66.8;Œuvres diverses de M. Ailé;AILÉ;;;;
66.9;Sidnei et Silli;ARNAUD, François-Thomas-Marie de Baculard d’;;;;
67.1;L’amitié scythe;;;;;
67.10;Le peintre italien;;;;;
67.11;Rosette;;;;;
67.12;Voyage de trois Turcs de qualité;;;;;
67.13;Œuvres posthumes de monsieur d’Ardène;ARDÈNE, Esp.-J. Rome d’;;;;
67.14;Bathilde;ARNAUD, François-Thomas-Marie de Baculard d’;;;;
67.15;Clary;ARNAUD, François-Thomas-Marie de Baculard d’;;;;
67.16;Julie;ARNAUD, François-Thomas-Marie de Baculard d’;;;;
67.17;Lucie et Mélanie;ARNAUD, François-Thomas-Marie de Baculard d’;;;;
67.18;Nancy;ARNAUD, François-Thomas-Marie de Baculard d’;;;;
67.19;La petite poste dévalisée;ARTAUD, Jean-Baptiste;;;;
67.20;Lettres du colonel Talbert;BENOIST, Françoise-Albine Puzin de La Martinière, madame;;;;
67.21;Joseph, en neuf chants;BITAUBÉ, Paul-Jérémie;;;;
67.22;Le lord impromptu;CAZOTTE, Jacques;;;;
67.23;Nouveaux contes moraux;CHARPENTIER, Louis;;;;
67.24;Les orphelins;COSTARD, Jean-Pierre;;;;
67.26;Lettres d’Affi à Zurac;DELACROIX, Jacques-Vincent;;;;
67.29;L’antipapisme révélé;DU LAURENS, abbé Henri-Joseph;;;;
67.3;Candide en Dannemarc;;;;;
67.30;Je suis pucelle;DU LAURENS, abbé Henri-Joseph;;;;
67.31;Mémoires de milady Worthon ;ESTRADE;;;;
67.32;Conte oriental;GAUTIER DE MONTDORGE, Antoine;;;;
67.33;Vision de Sylvius Graphalètes;GIRAUD, Claude-Marie;;;;
67.36;La nouvelle Clarice;LEPRINCE DE BEAUMONT, madame Marie;;;;
67.38;Hylaire, par un métaphysicien;MARCHAND, Jean-Henri;;;;
67.39;Bélisaire;MARMONTEL, Jean-François;;;;
67.4;Les deux amis;;;;;
67.40;Les amours de Cherale;MERCIER, Louis-Sébastien;;;;
67.41;La sympathie;MERCIER, Louis-Sébastien;;;;
67.43;La famille vertueuse;RÉTIF DE LA BRETONNE, Nicolas-Edme;;;;
67.44;Lettres d’Adélaïde de Dammartin;RICCOBONI, Marie-Jeanne Laboras de Mézières, madame;;;;
67.45;Nicole de Beauvais;ROBERT, Marie-Anne de Roumier, madame;;;;
67.46;L’école des pères et des mères;SABATIER, abbé Antoine, dit Sabatier de Castres;;;;
67.47;La ratomanie;SABATIER, abbé Antoine, dit Sabatier de Castres;;;;
67.48;Les amis rivaux;SACY, Claude-Louis-Michel de;;;;
67.5;Les écarts de la jeunesse;;;;;
67.51;Mémoires de mademoiselle de Valcourt;THIROUX D’ARCONVILLE, Marie-Geneviève-Charlotte Darius, madame;;;;
67.52;L’Ingénu;VOLTAIRE, François-Marie Arouet de;;;;
67.6;Les Gascons en Hollande;;;;;
67.8;Marianne;;;;;
67.9;Mémoires d’un officier de Saxe;;;;;
68.1;Agénor et Zulmé;;;;;
68.11;Voyages et aventures du chevalier de ***;;;;;
68.12;Euphémie;ARNAUD, François-Thomas-Marie de Baculard d’;;;;
68.13;Agathe et Isidore;BENOIST, Françoise-Albine Puzin de La Martinière, madame;;;;
68.15;Histoires morales;BODIN DE BOISMORTIER, Suzanne;;;;
68.16;Le catéchumène;BORDE, Charles;;;;
68.17;Henriette de Wolmar;BRUMENT;;;;
68.19;L’orphelin normand;CHARPENTIER, Louis;;;;
68.2;Azoïla;;;;;
68.20;Vos loisirs ;CHARPENTIER, Louis;;;;
68.22;Métamorphoses de l’amour;CONTANT D’ORVILLE, André-Guillaume;;;;
68.23;Chinki;COYER, abbé Gabriel-François;;;;
68.24;Lettres de la duchesse de *** au duc de ***;CRÉBILLON, Claude-Prosper Jolyot de;;;;
68.25;Les effets des passions;DUBOIS-FONTANELLE, Joseph-Gaspard;;;;
68.27;La république des philosophes;FONTENELLE, Bernard Le Bouyer de;;;;
68.28;Les trois nations;FRAMERY, Nicolas-Etienne;;;;
68.29;Mémoires du chevalier de Kilpar;GAIN DE MONTAGNAC, Louis-Laurent-Joseph;;;;
68.3;Contes moraux;;;;;
68.30;Mademoiselle de Mainville;GALTIER, Jean-Louis, dit Galtier de Saint-Symphorien;;;;
68.31;Variétés littéraires;HAWKESWORTH, John;MACPHERSON, James;;;
68.32;Suite de De tout en peu;JULLIEN, Jean-Auguste, dit Desboulmiers;;;;
68.33;Les métamorphoses de la religieuse;LABOUREYS, madame de;;;;
68.34;Iphis et Aglaè;LA GUESNERIE, Charlotte-Marie-Anne Charbonnier de;;;;
68.35;Les désordres de l’amour;LA PLACE, Pierre-Antoine de;;;;
68.36;Histoire de Sophie de Francourt;LA SALLE D’OFFÉMONT, Adrien-Nicolas Piédefer, marquis de;;;;
68.37;L’infortuné;LAUS DE BOISSY, Louis de;;;;
68.38;La nouvelle lune;LEBRET, Alexis-Jean;;;;
68.4;La conversion de M. de Voltaire;;;;;
68.40;Histoire de madame d’Emeville;MAUCOMBLE, Jean-François-Dieudonné;;;;
68.41;Nitophar;MAUCOMBLE, Jean-François-Dieudonné;;;;
68.42;Songes philosophiques;MERCIER, Louis-Sébastien;;;;
68.43;Zambeddin;MERCIER, Louis-Sébastien;;;;
68.44;Histoire du cœur;MILLY, mademoiselle de;;;;
68.46;Histoire de mademoiselle de Terville;PUISIEUX, Madeleine d’Arsant, madame de;;;;
68.47;Mémoires d’un homme de bien;PUISIEUX, Madeleine d’Arsant, madame de;;;;
68.48;Histoire de madame de Bellerive;PUYSÉGUR, François-Jacques de Chastenet, marquis de;;;;
68.5;Dominique et Séraphine;;;;;
68.50;Lucile;RÉTIF DE LA BRETONNE, Nicolas-Edme;;;;
68.51;Les ondins;ROBERT, Marie-Anne de Roumier, madame;;;;
68.52;Les jeux de la fortune ;SACY, Claude-Louis-Michel de;;;;
68.53;Dialogues moraux de M. de C***;THOREL DE CAMPIGNEULLES, Charles-Claude-Florent de;;;;
68.54;Le temps et la patience;VILLENEUVE, Gabrielle-Suzanne Barbot de;;;;
68.55;L'homme aux quarante ecus;VOLTAIRE, François-Marie Arouet de;;;;
68.56;La princesse de Babilone;VOLTAIRE, François-Marie Arouet de;;;;
68.5bis;Doraste et Celonte;;;;;
68.7;Lettres de milord Rodex;;;;;
68.9;Sensible et Constant;;;;;
69.10;Le philosophe allemand;;;;;
69.11;Vie de la Bourbonnoise;;;;;
69.12;Anne Bell;ARNAUD, François-Thomas-Marie de Baculard d’;;;;
69.13;Sélicourt;ARNAUD, François-Thomas-Marie de Baculard d’;;;;
69.14;La Parisienne en province;BARBÉ-MARBOIS, François, marquis de;;;;
69.15;La jolie femme;BARTHE, Nicolas-Thomas;;;;
69.17;Sophronie;BENOIST, Françoise-Albine Puzin de La Martinière, madame;;;;
69.19;Le passe-tems;BRUNET DE BAINES;;;;
69.2;Apolline et Dancourt;;;;;
69.20;Belise;CALVEL, abbé Etienne;;;;
69.22;Histoire de Robert le Diable;CASTILHON, Jean;;;;
69.23;Zingha, reine d’Angola;CASTILHON, Jean-Louis;;;;
69.24;Mémoires de miss Fanny Palmer;CHAMPIGNY, colonel chevalier Jean de;;;;
69.25;L’élu et son président;CHARPENTIER, Louis;;;;
69.26;Le mariage, par monsieur C***;COMPAN, Charles, abbé;;;;
69.27;La nature vengée;COMPAN, Charles, abbé;;;;
69.28;Romans moraux;CONTANT D’ORVILLE, André-Guillaume;;;;
69.29;Mémoires;DACIER;;;;
69.30;Dorval;DAMIENS DE GOMICOURT, Auguste-Pierre;;;;
69.31;Mémoires de Victoire;DELACROIX, Jacques-Vincent;;;;
69.33;Les pressentiments justifiés;DUCOUDRAY, Alexandre-Jacques Chevalier, dit le chevalier;;;;
69.34;La bergère;ESTÈVE, Pierre;;;;
69.35;Histoire d’Agathe de St. Bohaire;FRENAIS, Joseph-Pierre;;;;
69.36;Nadir;GAUTIER DE MONTDORGE, Antoine;;;;
69.4;Histoire de madame Dubois;;;;;
69.41;Le bon fils;JULLIEN, Jean-Auguste, dit Desboulmiers;;;;
69.44;Lettres d’un philosophe sensible ;LACROIX, Pierre-Firmin de;;;;
69.45;Le fatalisme;LA MORLIÈRE, chevalier Charles-Jacques-Louis-Auguste Rochette de;;;;
69.46;Caractères des femmes;LESBROS DE LA VERSANE, Louis;;;;
69.47;Le véridique;MARCHAND, Jean-Henri;;;;
69.48;Contes moraux ;MERCIER, Louis-Sébastien;;;;
69.49;Ainsi va le monde;NOUGARET, Pierre-Jean-Baptiste;;;;
69.50;La fille naturelle;RÉTIF DE LA BRETONNE, Nicolas-Edme;;;;
69.51;Lettres de lord Austin de N**;RÉTIF DE LA BRETONNE, Nicolas-Edme;;;;
69.52;Le pied de Fanchette;RÉTIF DE LA BRETONNE, Nicolas-Edme;;;;
69.55;Les vicissitudes de la fortune;ROUSSELOT DE SURGY, Jacques-Philibert;;;;
69.56;Betsi;SABATIER, abbé Antoine, dit Sabatier de Castres;;;;
69.57;Les amours de Sapho et de Phaon;SACY, Claude-Louis-Michel de;;;;
69.58;Les Saisons;SAINT-LAMBERT, Jean-François, marquis de;;;;
69.6;L’homme aux trente-six fortunes;;;;;
69.60;Adélaïde;SAVIN;;;;
69.63;L’homme au latin;SIRET, Pierre-Louis;;;;
69.65;Les amours de Lucile et de Doligny;TESSON DE LA GUÉRIE, Jean;;;;
69.67;Les deux orphelines;TEUTON;;;;
69.69;Les choses utiles et agréables;VOLTAIRE, François-Marie Arouet de;;;;
69.8;Les malheurs utiles;;;;;
69.9;Mémoires de monsieur d’Ablincourt;;;;;
70.1;Les amours de Cartouche;;;;;
70.11;Lettres variées de mademoiselle de St. Filts;;;;;
70.14;Le père avare;;;;;
70.16;Les souhaits de la nouvelle année;;;;;
70.17;Trop long, conte très court;;;;;
70.18;Vénus en rut;;;;;
70.19;La vraie richesse et le Moyen de réussir;;;;;
70.20;Les aventures du chevalier de Lorémi;ANSART, dom André-Joseph;;;;
70.22;Le négociant infortuné;ARTOIS, d’ (curé de Moléans);;;;
70.23;Guliane;BARBÉ-MARBOIS, François, marquis de;;;;
70.24;Histoire de mademoiselle de Grisoles;BEAUCLAIR, Pierre-Louis de;;;;
70.25;Œuvres de M. de B***;BEAUMANOIR, de;;;;
70.26;Mémoires de Lucie d’Olbery;BECCARY, madame;;;;
70.27;L’erreur des désirs;BENOIST, Françoise-Albine Puzin de La Martinière, madame;;;;
70.28;Lettre écrite à madame la comtesse Tation;BIÈVRE, François-Georges Maréchal, marquis de;;;;
70.29;Ecole du monde;BOISMINON (BOISMIRON);;;;
70.3;Le cultivateur ;;;;;
70.32;Le soupé des petits-maitres;CAILHAVA DE L’ESTENDOUX, Jean-François;;;;
70.34;Histoire de Fortunatus;CASTILHON, Jean;;;;
70.35;Histoire de Jean de Calais;CASTILHON, Jean;;;;
70.36;Nouvelle histoire de Pierre de Provence;CASTILHON, Jean;;;;
70.38;Le mendiant boiteux;CASTILHON, Jean-Louis;;;;
70.39;Mémoires d’un citoyen;CHARPENTIER, Louis;;;;
70.40;Lieb-Rose;CHINIAC DE LA BASTIDE DU CLAUX, Pierre de;;;;
70.42;Le livre à la mode;DES ESSARTS, chevalier;;;;
70.43;Les deux reines;DORAT, Claude-Joseph;;;;
70.44;Naufrage et aventures de M. Pierre Viaud;DUBOIS-FONTANELLE, Joseph-Gaspard;;;;
70.45;Le début;FALCONET, Ambroise;;;;
70.46;Mémoires de M. le marquis de S. Forlaix;FRAMERY, Nicolas-Etienne;;;;
70.47;Les familles de Darius et d’Hidarne;GILBERT, Nicolas-Joseph-Laurent;;;;
70.56;Le royalisme;LA MORLIÈRE, chevalier Charles-Jacques-Louis-Auguste Rochette de;;;;
70.58;Les Américaines;LEPRINCE DE BEAUMONT, madame Marie;;;;
70.59;Les soirées d’un honnête-homme;LESBROS DE LA VERSANE, Louis;;;;
70.6;Histoire de deux amants françois;;;;;
70.60;Les militaires au-dela du Gange;LO-LOOZ, Robert, chevalier de;;;;
70.62;Bergeries;MARÉCHAL, Pierre-Sylvain;;;;
70.63;Contes très mogols;MARSOLLIER DES VIVETIÈRES, Benoît-Joseph;;;;
70.65;Songes d’un hermite;MERCIER, Louis-Sébastien;;;;
70.66;Dinville;MOLINE, Pierre-Louis;;;;
70.68;Anecdotes intéressantes;POULAIN, mademoiselle (de Nogent-sur-Seine);;;;
70.71;Les deux amis;SAINT-LAMBERT, Jean-François, marquis de;;;;
70.72;Les deux amis;SELLIER DE MORANVILLE;;;;
70.74;Les soupirs d’Euridice aux Champs-Elysées;STICOTTI, Antoine-Fabio;;;;
70.75;Dona Gratia d’Ataïde;THIROUX D’ARCONVILLE, Marie-Geneviève-Charlotte Darius, madame;;;;
70.76;Les deux frères;THOMASSEAU DE CURSAY, abbé Jean-Marie-Joseph Thomasseau, dit;;;;
70.77;Voyage à Ceilan;TURPIN, François-Henri;;;;
71.11;Le Nagzag;;;;;
71.12;La rhétorique des putains;;;;;
71.13;Les soirées d’hiver;;;;;
71.14;Suite et conclusion de Scarron;;;;;
71.15;Zama;;;;;
71.17;Le dépit et le voyage;BASTIDE, Jean-François de;;;;
71.20;Folie de la prudence humaine;BENOIST, Françoise-Albine Puzin de La Martinière, madame;;;;
71.21;Lettres africaines;BUTINI, Jean-François;;;;
71.22;L’aveugle qui refuse de voir;CERFVOL, de;;;;
71.22bis;Lettres angloises;CHAMPIGNY, colonel chevalier Jean de;;;;
71.23;Lettres athéniennes;CRÉBILLON, Claude-Prosper Jolyot de;;;;
71.24;Mémoires d’un Américain;DELACROIX, Jacques-Vincent;;;;
71.25;Les sacrifices de l’amour;DORAT, Claude-Joseph;;;;
71.27;Trapue, reine des Topinainboux;JULLIEN, Jean-Auguste, dit Desboulmiers;;;;
71.3;De Langres et Juliette d’Est ;;;;;
71.30;Lettres du chevalier d’Origny;LECOMTE;;;;
71.31;Poésies pastorales;LÉONARD, Nicolas-Germain;;;;
71.34;Le temple de l’hymen dédié à l’amour;MARÉCHAL, Pierre-Sylvain;;;;
71.34bis;Les soirées helvétiennes;MASSON DE PEZAY, Alexandre-Frédéric-Jacques;;;;
71.35;Les tableaux;MASSON DE PEZAY, Alexandre-Frédéric-Jacques;;;;
71.36;L’an deux mille quatre cent quarante;MERCIER, Louis-Sébastien;;;;
71.37;Les mille et une folies;NOUGARET, Pierre-Jean-Baptiste;;;;
71.39;Le marquis de T***;RÉTIF DE LA BRETONNE, Nicolas-Edme;;;;
71.4;La douce proposition;;;;;
71.41;Zéphirine;SAVIN;;;;
71.42;Confidence philosophique;VERNES, Jacques;;;;
71.5;L’erreur reconnue;;;;;
71.6;Etrennes aux célibataires ;;;;;
71.8;L’hirondelle de Carême;;;;;
72.1;Adélaïde;;;;;
72.10;Adelson et Salvini;ARNAUD, François-Thomas-Marie de Baculard d’;;;;
72.11;Sargines;ARNAUD, François-Thomas-Marie de Baculard d’;;;;
72.12;Mémoires d’un Languedocien;BERTRAND (de Montpellier);;;;
72.13;Les amours de l’Ange-lure;BIÈVRE, François-Georges Maréchal, marquis de;;;;
72.13bis;Le protecteur bourgeois;BRET, Antoine;;;;
72.14;Journées mogoles;BUTEL-DUMONT, Georges-Marie;;;;
72.15;Voyage de la raison en Europe;CARACCIOLI, Louis-Antoine, marquis de;;;;
72.16;Odazir;CARRA, Jean-Louis;;;;
72.17;Le diable amoureux;CAZOTTE, Jacques;;;;
72.18;Lettres du baron d’OIban;COTENEUVE, de;;;;
72.19;Les malheurs de l’inconstance;DORAT, Claude-Joseph;;;;
72.2;Ecole de la vertu ;;;;;
72.20;Histoire de monsieur de Vaubrun ;GASCHIGNARD, P.;;;;
72.23;Lydia;LA PLACE, Pierre-Antoine de;;;;
72.24;Les caprices de l’amour et de l’amitié;LA ROCHE, Maria Sophie Gutermann, Frau von;;;;
72.24bis;Jeannette;MAYDIEU, abbé Jean;;;;
72.26;Supplément au Roman comique;MONNET, Jean;;;;
72.27;Lettres illinoises;PERREAU, Jean-André;;;;
72.28;Le phasma;POINSINET DE SIVRY, Louis;;;;
72.29;Voyage d’un prince autour du monde;RABELLEAU;;;;
72.30;Les oreilles des bandits de Corinthe;RÉMY, abbé Joseph-Honoré;;;;
72.31;Adèle de Comm **;RÉTIF DE LA BRETONNE, Nicolas-Edme;;;;
72.32;Lettres d’Elisabeth Sophie de Vallière;RICCOBONI, Marie-Jeanne Laboras de Mézières, madame;;;;
72.33;Le Décaméron françois;USSIEUX, Louis d’;;;;
72.34;Henriette et Lucie;USSIEUX, Louis d’;;;;
72.35;Jeanne Gray;USSIEUX, Louis d’;;;;
72.4;Lindor;;;;;
72.5;Les matinées du Palais Royal;;;;;
72.6;On ne s’y attendait pas;;;;;
72.7;?; éd. par Georg Adam JUNKER et Recueil historique;;;;
72.8;Les refus;;;;;
73.1;L’aventurier chinois;;;;;
73.10;Le porte-feuille amusant;BEAURIEU, Gaspard Guillard de;;;;
73.11;Les heureux malheurs;BERNARD, Pierre-Joseph, dit Gentil-Bernard;;;;
73.13;Guillaume, en dix chants;BITAUBÉ, Paul-Jérémie;;;;
73.15;La comète;BRICAIRE DE LA DIXMERIE, Nicolas;;;;
73.16;Toni et Clairette;BRICAIRE DE LA DIXMERIE, Nicolas;;;;
73.17;Sennemours et Rosalie de Civraye;BRUIX, de (de Bayonne);;;;
73.18;Le triomphe de l’amour;CARMONTELLE, Louis Carrogis, dit;;;;
73.19;Le palais de la frivolité ;COMPAN, Charles, abbé;;;;
73.21;Le carnaval des auteurs;GILBERT, Nicolas-Joseph-Laurent;;;;
73.22;La Pariseïde;GODARD D’AUCOUR, Claude;;;;
73.24;Recueil d’anecdotes;LAISSE, madame de;;;;
73.25;Lettres à myladi ***;LA PLACE, Pierre-Antoine de;;;;
73.27;Tobie;LECLERC, Louis-Claude;;;;
73.3;Les orphelins de Perse;;;;;
73.31;La femme dans les trois états;RÉTIF DE LA BRETONNE, Nicolas-Edme;;;;
73.32;Le ménage parisien;RÉTIF DE LA BRETONNE, Nicolas-Edme;;;;
73.33;Vénus dans la vallée de Tempé;TSCHUDI, Jean-Baptiste-Louis-Théodore, baron de;;;;
73.34;Berthold, prince de Moravie;USSIEUX, Louis d’;;;;
73.35;Clémence d’Entragues;USSIEUX, Louis d’;;;;
73.36;Elizène;USSIEUX, Louis d’;;;;
73.4;Roman philosophique;;;;;
73.5;Rosalie;;;;;
73.6;Les soirées de Paphos;;;;;
73.7;Vie et aventures de Pierre Pinson;;;;;
73.8;La voix de la nature;;;;;
73.9;Zénothémis;ARNAUD, François-Thomas-Marie de Baculard d’;;;;
74.10;Suite des Epreuves du sentiment;ARNAUD, François-Thomas-Marie de Baculard d’;;;;
74.11;Suite des Nouvelles historiques;ARNAUD, François-Thomas-Marie de Baculard d’;;;;
74.12;La gazette de Cythère ;BERNARD, François;;;;
74.14;Les conversations d’Emilie;EPINAY, Louise-Florence-Pétronille Tardieu d’Esclavelles, marquise d’;;;;
74.15;Le comte de Valmont;GÉRARD, Philippe-Louis;;;;
74.17;Les amans vertueux;HELAINE, abbé;;;;
74.18;Nouveaux contes moraux ;LAISSE, madame de;;;;
74.19;La constance inimitable;LECLERC, J.-P.-M.;;;;
74.2;Le jeune philosophe;;;;;
74.20;La nouvelle Clémentine;LÉONARD, Nicolas-Germain;;;;
74.21;Contes moraux;LEPRINCE DE BEAUMONT, madame Marie;;;;
74.27;Les nouveaux mémoires;RÉTIF DE LA BRETONNE, Nicolas-Edme;;;;
74.29;Le Décaméron françois;USSIEUX, Louis d’;;;;
74.3;La nouvelle Thérèse;;;;;
74.30;Jean sans peur;USSIEUX, Louis d’;;;;
74.31;Raymond et Mariane;USSIEUX, Louis d’;;;;
74.32;Roger et Victor de Sabran;USSIEUX, Louis d’;;;;
74.33;Le taureau blanc;VOLTAIRE, François-Marie Arouet de;;;;
74.4;La restitution;;;;;
74.5;Le Télémaque françois;;;;;
74.6;Le triomphe de la vertu ;;;;;
74.7;Dona Elmira;ARNAUD, François-Thomas-Marie de Baculard d’;;;;
74.8;Nouvelles historiques;ARNAUD, François-Thomas-Marie de Baculard d’;;;;
74.9;Nouvelles historiques, tome premier;ARNAUD, François-Thomas-Marie de Baculard d’;;;;
75.1;Les amours malheureux d’un Vendéen;;;;;
75.10;Zabhet;;;;;
75.11;Les confidences d’une jolie femme;ALBERT, mademoiselle d’;;;;
75.13;Epreuves du sentiment, Lorezzo;ARNAUD, François-Thomas-Marie de Baculard d’;;;;
75.14;Epreuves du sentiment, Liebman;ARNAUD, François-Thomas-Marie de Baculard d’;;;;
75.15;Epreuves du sentiment, Rosalie;ARNAUD, François-Thomas-Marie de Baculard d’;;;;
75.16;Epreuves du sentiment, Ermance;ARNAUD, François-Thomas-Marie de Baculard d’;;;;
75.18;La fille philosophe;BÉDIGIS, François-Nicolas;;;;
75.19;Les suites d’un moment d’erreur;BOISGIRON, madame de;;;;
75.1bis;L’amour vainqueur du vice;;;;;
75.20;Frédégonde et Brunehaut;BOUTET DE MONVEL, Jacques-Marie;;;;
75.22;Tout vient à point [à] qui peut attendre;CAYLUS, Anne-Gaude-Philippe de;;;;
75.25;Colette;COMPAN, Charles, abbé;;;;
75.27;Le sacre de Numa;DELISLE DE SALES, Jean-Baptiste-Claude Izouard, dit;;;;
75.28;Zély;FOURQUEUX, madame de;VOISENON, Claude-Henri de Fusée, abbé de;;;
75.3;Le comte d’Umby;;;;;
75.30;Le philosophe sans prétention;LA FOLIE, C.-L. de;;;;
75.31;Ouvrage sans titre;LAISSE, madame de;;;;
75.32;Œuvres mêlées;LEPRINCE DE BEAUMONT, madame Marie;;;;
75.36;Célide;MOTTE, mademoiselle;;;;
75.37;Félicia;NERCIAT, André-Robert Andréa de;;;;
75.38;Les astuces de Paris;NOUGARET, Pierre-Jean-Baptiste;;;;
75.40;Nouvelles françaises ;USSIEUX, Louis d’;;;;
75.41;Françoise de Foix;USSIEUX, Louis d’;;;;
75.42;Thélaire;USSIEUX, Louis d’;;;;
75.43;Don Pedre;VOLTAIRE, François-Marie Arouet de;;;;
75.44;Histoire de Jenni;VOLTAIRE, François-Marie Arouet de;;;;
75.45;Mélanges de poésies &c., tome second;VOLTAIRE, François-Marie Arouet de;;;;
75.46;Nouveaux mélanges philosophiques;VOLTAIRE, François-Marie Arouet de;;;;
75.5;Histoire de Flavie;;;;;
75.7;Le loisir d’un jeune savant;;;;;
76.10bis;Les momens perdus;;;;;
76.12;Nouvelles historiques;ARNAUD, François-Thomas-Marie de Baculard d’;;;;
76.13;Épreuves du sentiment, D’Almanzi;ARNAUD, François-Thomas-Marie de Baculard d’;;;;
76.14;Volsidor et Zulménic;BEAUHARNAIS, Fanny de;;;;
76.17;Le duc d’Arnay;CARMONTELLE, Louis Carrogis, dit;;;;
76.18;Œuvres badines et morales;CAZOTTE, Jacques;;;;
76.2;Bibliothèque amusante;;;;;
76.24;Naru;DUWICQUET D’ORDRE, Louis-Alexandre, père;;;;
76.25;Contes de fées;GIRARDIN, René-Louis, marquis de;;;;
76.28bis;Œuvres diverses;HAMILTON, comte Antoine;;;;
76.3;La confession publique du brocanteur;;;;;
76.30;Les égarements de l’amour;IMBERT, Barthélemy;;;;
76.31;Nouveaux contes moraux ;LEPRINCE DE BEAUMONT, madame Marie;;;;
76.32;Florello;LOAISEL DE TRÉOGATE, Joseph-Marie;;;;
76.33;Valmore;LOAISEL DE TRÉOGATE, Joseph-Marie;;;;
76.34;Mad. la baronne de St. Lys;LUCHET, Jean-Pierre-Louis de La Roche du Maine, marquis de;;;;
76.36;Jezennemours;MERCIER, Louis-Sébastien;;;;
76.37;Azor & Zimeo;MILCENT, Jean-Baptiste-Gabriel-Marie de;;;;
76.38;Les loisirs d’une jeune dame;MONBART, Marie Joséphine de Lescun de;;;;
76.39;Histoire de Zulmie Warthei;MOTTE, mademoiselle;;;;
76.41;Lettres ;POULAIN, mademoiselle (de Nogent-sur-Seine);;;;
76.43;L’école des pères;RÉTIF DE LA BRETONNE, Nicolas-Edme;;;;
76.44;Le paysan perverti;RÉTIF DE LA BRETONNE, Nicolas-Edme;;;;
76.45;La quinzaine angloise à Paris;RUTLIDGE, James, dit Jean-Jacques Rutledge;;;;
76.46;Ah! que c’est bête! ;SAINT-CHAMOND, marquis de;;;;
76.48;Anecdotes de la cour;TENCIN, Claudine-Alexandrine Guérin, marquise de;ELIE DE BEAUMONT, Anne-Louise Dumesnil-Molin, madame;;;
76.49;Faldoni et Thérèse;USSIEUX, Louis d’;;;;
76.5;La destinée;;;;;
76.50;Angélique de Limeuil;USSIEUX, Louis d’;;;;
76.51;Les deux Sophies;USSIEUX, Louis d’;;;;
76.52;Mémoires de monsieur de Saint-Gory;VIOLAINE, madame la comtesse de;;;;
77.1;Eulalie;;;;;
77.10;Epreuves du sentiment, Makin;ARNAUD, François-Thomas-Marie de Baculard d’;;;;
77.11;Epreuves du sentiment, Germeuil;ARNAUD, François-Thomas-Marie de Baculard d’;;;;
77.13;Fo-ka;BARET, Paul;;;;
77.15bis;Le Thévenon;BERTRAND, Elie;;;;
77.16;Lettres de mademoiselle de Boismiran;BOISGIRON, madame de;;;;
77.2;Lettres galantes et philosophiques;;;;;
77.3;Le monialisme;;;;;
77.30;La confiance trahie;COTENEUVE, de;;;;
77.34;Origine des Grâces;DIONIS, mademoiselle;;;;
77.35;Le libertin devenu vertueux;DOMAIRON, Louis;;;;
77.38;Aristide;DUVAL-PYRAU, abbé;;;;
77.39;Dialogues moraux et amusants;FALQUES, Marianne-Agnès;;;;
77.4;L’ombre errante;;;;;
77.45;Lettres et contes sentimentaux;LEROY DE LOZEMBRUNE, François-Claude;;;;
77.46;Les noces patriarchales;LESUIRE, Robert-Martin;;;;
77.47;Soirées de mélancolie;LOAISEL DE TRÉOGATE, Joseph-Marie;;;;
77.48;Les mannequins;LOUIS XVIII, le comte de Provence, depuis;;;;
77.5;Le passe-tems du sexe;;;;;
77.50;Les Incas;MARMONTEL, Jean-François;;;;
77.51;Héliogabale et Alexandre Sévère;MAYER, Charles-Joseph de;;;;
77.52;La paysanne pervertie;NOUGARET, Pierre-Jean-Baptiste;;;;
77.53;Les malheurs de la jeune Émélie;ORMOY, Charlotte Chaumet, madame d’;;;;
77.54;Les dernières aventures du jeune d’Olban;RAMOND DE CARBONNIÈRES, baron Louis-François-Elisabeth;;;;
77.55;Les gynographes;RÉTIF DE LA BRETONNE, Nicolas-Edme;;;;
77.56;Le quadragénaire;RÉTIF DE LA BRETONNE, Nicolas-Edme;;;;
77.57;Lettres de my-lord Rivers;RICCOBONI, Marie-Jeanne Laboras de Mézières, madame;;;;
77.58;Premier et second voyages de mylord de ***;RUTLIDGE, James, dit Jean-Jacques Rutledge;;;;
77.60;Mélanges de poésie et de prose ;VIDAMPIERRE, la comtesse de;;;;
77.8;Nouvelles historiques, tome second;ARNAUD, François-Thomas-Marie de Baculard d’;;;;
77.9;Epreuves du sentiment, Pauline et Suzette;ARNAUD, François-Thomas-Marie de Baculard d’;;;;
78.1;L’horloge parlante;;;;;
78.11;La vertu chancelante;BAUGIN, Pierre-François-Cantien;MERCIER, Louis-Sébastien;MÉRARD DE SAINT-JUST, Simon-Pierre;ORMOY, Charlotte Chaumet, madame d’;ROSSEL, l’avocat
78.12;Lettres de Stéphanie;BEAUHARNAIS, Fanny de;;;;
78.13;Milord d’Ambi;BECCARY, madame;;;;
78.15;Voyage de Monacht-Apé;BLONDEAU, Etienne-Nicolas;;;;
78.16;Le prix de la vertu;BOCQUILLON;;;;
78.18;L’écu de six francs;CARACCIOLI, Louis-Antoine, marquis de;;;;
78.19;M. l’abbé Duval-Pyrau;DUVAL-PYRAU, abbé;;;;
78.2;L’hymen vengé, en cinq chants;;;;;
78.20;Mémoires de miladi Varmonti;GAIN DE MONTAGNAC, Louis-Laurent-Joseph;;;;
78.21;Le comte de Valmont;GÉRARD, Philippe-Louis;;;;
78.23;Rêveries philosophiques ;IMBERT, Barthélemy;;;;
78.24;Entretiens, drames et contes moraux;LAFITE, Marie-Elisabeth Bouée, madame de;;;;
78.25;Le temple de l’amour et de l’hymen;LE PREVOST D’EXMES, François;;;;
78.26;Lettres du marquis de Sézannes;MOTTE, mademoiselle;;;;
78.27;Les îles fortunées;MOUTONNET DE CLAIRFONS, Julien-Jacques;;;;
78.28;Correspondance d’un jeune militaire;MUSSET, Louis-Alexandre-Marie de, marquis de Cogners;BOURGOING, le baron Jean-François de;;;
78.29;Le voyage forcé;NIREL, C.-H.;;;;
78.30;Le nouvel Abeilard;RÉTIF DE LA BRETONNE, Nicolas-Edme;;;;
78.31;Le danger de la satire;SANCY, abbé de;;;;
78.32;Les aventures d’Alcime;TOUSTAIN-RICHEBOURG, Charles Gaspard de Toustain, vicomte de;;;;
78.33;Sainte-Agnès et Corneville;USSIEUX, Louis d’;;;;
78.34;Charlotte de Savoie, reine de France;USSIEUX, Louis d’;;;;
78.35;Contes et nouvelles;VILLEMAIN D’ABANCOURT, François-Jean;;;;
78.4;Mémoires de Suzon;;;;;
78.5;Philémon;;;;;
78.9;Epreuves du sentiment, Daminville;ARNAUD, François-Thomas-Marie de Baculard d’;;;;
79.1;Agathon et Deidamie;;;;;
79.10;Histoire de Laurent Marcel;BARDOU, Jean;;;;
79.11;Voltairimeros;BASTON, abbé Guillaume-André-René;;;;
79.13;Sophie;CONTANT D’ORVILLE, André-Guillaume;;;;
79.14;Histoire d’un pou françois;DELAUNEY;;;;
79.15;Dominique Vivant;DENON, baron;;;;
79.16;Contes philosophiques et moraux;DUBOIS-FONTANELLE, Joseph-Gaspard;;;;
79.18;Les deux frères;IMBERT, Barthélemy;;;;
79.2;La femme comme il y en a peu;;;;;
79.20;Fabliaux;LEGRAND D’AUSSY, le père Pierre-Jean-Baptiste;;;;
79.22;La comtesse d’Alibre;LOAISEL DE TRÉOGATE, Joseph-Marie;;;;
79.24;Histoire de la vertueuse Portugaise ;MAYDIEU, abbé Jean;;;;
79.25;Les anecdotes françoises ;MAYER, Charles-Joseph de;;;;
79.26;Sophie;MOLLET, Jean-Louis;;;;
79.27;Contes orientaux;MONNET, Marie, née Moreau;;;;
79.28;Les foiblesses d’une jolie femme;NOUGARET, Pierre-Jean-Baptiste;;;;
79.29;Les deux Abdolonyme;PICARDET;;;;
79.3;L’odalisque;;;;;
79.30;Triomphe de l’intolérance;RABAUT DE SAINT-ÉTIENNE, Jean-Paul;;;;
79.31;La vie de mon père;RÉTIF DE LA BRETONNE, Nicolas-Edme;;;;
79.33;Traduction libre d’Amadis de Gaule;TRESSAN, Louis-Elisabeth de Lavergne, comte de;;;;
79.34;Marie de Bourgogne;USSIEUX, Louis d’;;;;
79.35;Françoise de Beauville;USSIEUX, Louis d’;;;;
79.36;Alexis;USSIEUX, Louis d’;;;;
79.4;Le pouvoir de la reconnaissance;;;;;
79.5;Relation véridique qui a l’air d’un songe;;;;;
79.6;Le vieillard abyssin;;;;;
79.8;Epreuves du sentiment, Henriette et Chariot;ARNAUD, François-Thomas-Marie de Baculard d’;;;;
79.9;Epreuves du sentiment, Valmiers;ARNAUD, François-Thomas-Marie de Baculard d’;;;;
80.10;La duchesse de Châtillon;ARNAUD, François-Thomas-Marie de Baculard d’;;;;
80.11;L’Abailard supposé;BEAUHARNAIS, Fanny de;;;;
80.14;Edelzinde;FRENAIS, Joseph-Pierre;;;;
80.15;Lettre de Marion de Lorme;LA BORDE, Jean-Benjamin de;;;;
80.16;Le flageolet;LE FERON, chevalier;;;;
80.17;Les amants françois à Londres;LESUIRE, Robert-Martin;;;;
80.18;Mémoires de Rigobert Zapata;LIGNAC, de;;;;
80.19;Lettres de miladi Lindsey;MALARME, Charlotte de Bournon, comtesse de;;;;
80.2;Angélique;;;;;
80.20;Mémoires de Clarence Welldone;MALARME, Charlotte de Bournon, comtesse de;;;;
80.21;Recueil de contes;MIRABEAU, Honoré-Gabriel de Riqueti, comte de;;;;
80.22;Amusemens du jour;MORTEMART DE BOISSE, Jeanne-Louise-Philippine de Marbet, dame;;;;
80.23;Les dangers des spectacles;MOUHY, Charles de Fieux, chevalier de;;;;
80.24;Les méprises;NOUGARET, Pierre-Jean-Baptiste;;;;
80.26;Les contemporaines;RÉTIF DE LA BRETONNE, Nicolas-Edme;;;;
80.27;La malédiction paternelle;RÉTIF DE LA BRETONNE, Nicolas-Edme;;;;
80.28;Les amours de Roger et de Gertrude;RICCOBONI, Marie-Jeanne Laboras de Mézières, madame;;;;
80.29;Histoire d’Aloïse de Livarot;RICCOBONI, Marie-Jeanne Laboras de Mézières, madame;;;;
80.3;La confidence enlevée;;;;;
80.31;Histoire de Tristan de Léonis;TRESSAN, Louis-Elisabeth de Lavergne, comte de;;;;
80.32;Histoire du petit Jehan de Saintré;TRESSAN, Louis-Elisabeth de Lavergne, comte de;;;;
80.33;Le prince Gérard;TRESSAN, Louis-Elisabeth de Lavergne, comte de;;;;
80.4;Galerie de tableaux;;;;;
80.5;Hylas et Phila;;;;;
80.7;Amour vainqueur des préjugés;ARGENS, Jean-Baptiste de Boyer, marquis d’;;;;
80.9;Epreuves du sentiment, Amélie;ARNAUD, François-Thomas-Marie de Baculard d’;;;;
81.1;Les délices du sentiment;;;;;
81.10;L’aveugle par amour;BEAUHARNAIS, Fanny de;;;;
81.11;Mémoires de Fanny Spingler;BECCARY, madame;;;;
81.12;Les erreurs d’une jolie femme;BENOIST, Françoise-Albine Puzin de La Martinière, madame;;;;
81.13;Les infortunes du chevalier de la Lande;BRIDEL, Jean-Louis;;;;
81.15;Lettres du chevalier de Saint-Alme;COLLEVILLE, Anne-Hyacinthe de Saint-Léger, dame de;;;;
81.16;Nouveaux mélanges sur différens sujets;DUBOIS-FONTANELLE, Joseph-Gaspard;;;;
81.17;Idylles et pièces fugitives;DUFRESNES;;;;
81.18;Monsieur Guillaume;DUVERNET, abbé Théophile-Imarigeon;;;;
81.2;Histoire d’Alexis Goodman;;;;;
81.20;Normandie;LE CANUT Raoul, premier duc de;;;;
81.21;Contes dévots, fables et romans anciens;LEGRAND D’AUSSY, le père Pierre-Jean-Baptiste;;;;
81.23;Voyage de Sophie et d’Eulalie;LOQUET, Marie-Françoise;;;;
81.25;L’honnête homme;MAYDIEU, abbé Jean;;;;
81.27;La morale des sens;MIRABEAU, Honoré-Gabriel de Riqueti, comte de;;;;
81.28;Le lama amoureux;ORMOY, Charlotte Chaumet, madame d’;;;;
81.29;La découverte australe par un homme-volant;RÉTIF DE LA BRETONNE, Nicolas-Edme;;;;
81.30;Œuvres posthumes;ROUSSEAU, Jean-Jacques;;;;
81.32;Dubois et Gioconda;USSIEUX, Louis d’;;;;
81.5;Opuscules d’un free-thinker;;;;;
81.6;Paris vu tel qu’il est;;;;;
81.8;Vituline;;;;;
81.9;Le Comte de Strafford;ARNAUD, François-Thomas-Marie de Baculard d’;;;;
82.10;Sophie et Théodore;;;;;
82.13;Les amans républicains;BÉRENGER, Jean-Pierre;;;;
82.14;L’ami des enfans;BERQUIN, Arnaud;;;;
82.17;Les liaisons dangereuses;CHODERLOS DE LACLOS, Pierre-Ambroise-François;;;;
82.18;Recueil;COURET DE VILLENEUVE, Louis-Pierre;;;;
82.2;Les aventures d’un provincial;;;;;
82.20;Adèle et Théodore;GENLIS, Stéphanie-Félicité Ducrest de Saint-Aubin, marquise de Sillery, comtesse de;;;;
82.23;Lecture du matin;IMBERT, Barthélemy;;;;
82.24;Les ressources de la vertu;LA GUESNERIE, Charlotte-Marie-Anne Charbonnier de;;;;
82.26;L’Amérique découverte;LAUREAU;;;;
82.27;L’aventurier françois;LESUIRE, Robert-Martin;;;;
82.28;Nouvelles;LE VACHER DE CHARNOIS, Jean-Charles;;;;
82.29;L’âge d’or;MARÉCHAL, Pierre-Sylvain;;;;
82.3;Enfans de Loyola;;;;;
82.31;Œuvres anonymes, mélanges, tome premier;MONTESSON, Charlotte-Jeanne Béraud de la Haie de Riou, marquise de;;;;
82.32;Mizrim;PERREAU, Jean-André;;;;
82.33;Scènes champêtres;PERREAU, Jean-André;;;;
82.35;Les contemporaines du commun;RÉTIF DE LA BRETONNE, Nicolas-Edme;;;;
82.36;Adélaïde;ROBERT, Louise-Félicité Guinement de Kéralio, madame;;;;
82.37;Corps d’extraits de romans de chevalerie;TRESSAN, Louis-Elisabeth de Lavergne, comte de;;;;
82.38;Les aveux d’une femme galante;VASSE, Cornélie-Pétronille-Bénédicte Wouters, baronne de;;;;
82.5;L’heureuse infidélité;;;;;
82.7;Lettres de Mme P.;;;;;
82.8;Le mariage bien assorti;;;;;
82.9;Les plaisirs de l’amour ;;;;;
83.1;La belle Cauchoise;;;;;
83.10;Rosalie;;;;;
83.11;Le triomphe de la tendresse;;;;;
83.12;Voyage de Spa à Bruxelles;;;;;
83.14;Délassemens de l’homme sensible;ARNAUD, François-Thomas-Marie de Baculard d’;;;;
83.15;Les époux malheureux;ARNAUD, François-Thomas-Marie de Baculard d’;;;;
83.16;Nouvelles historiques, tome troisième;ARNAUD, François-Thomas-Marie de Baculard d’;;;;
83.17;La morale en action;BÉRENGER, Laurent-Pierre;GUIBAUD, le père Eustache;;;
83.18;Fragment de Xénophon;BRIZARD, abbé Gabriel;;;;
83.2;Le criminel sans le savoir;;;;;
83.20;Les quatre fils d’Aymon;CASTILHON, Jean;;;;
83.21;Alexandrine;COLLEVILLE, Anne-Hyacinthe de Saint-Léger, dame de;;;;
83.22;Le mari sentimental;CONSTANT DE REBECQUE, Samuel de;;;;
83.23;Ancienne chronique de Gérard d’Euphrate;CONTANT D’ORVILLE, André-Guillaume;;;;
83.25;Le triomphe de la nature;DESMARETS;;;;
83.26;Claris de Galatée;FLORIAN, Jean-Pierre;;;;
83.27;L’isle inconnue;GRIVEL, Guillaume;;;;
83.29;Les aventures de Mathurin Bonice;JOLY, le père Joseph-Romain;;;;
83.31;Lettres de deux amans habitans de Lyon;LÉONARD, Nicolas-Germain;;;;
83.32;Suite de l’Aventurier françois;LESUIRE, Robert-Martin;;;;
83.33;Dolbreuse;LOAISEL DE TRÉOGATE, Joseph-Marie;;;;
83.35;Anna Rose-Tree;MALARME, Charlotte de Bournon, comtesse de;;;;
83.36;Geneviève de Cornouailles;MAYER, Charles-Joseph de;;;;
83.37;Extrait d’un manuscrit;MERCIER, abbé;;;;
83.4;Les équipées de l’amour;;;;;
83.40;Ma conversion;MIRABEAU, Honoré-Gabriel de Riqueti, comte de;;;;
83.41;Annamire;MONNERON, Marie-Uranie-Rose, madame;;;;
83.42;Secondât;MONTESQUIEU, Charles-Louis de;;;;
83.44;La promenade de province;PLISSON, Marie-Prudence;;;;
83.47;Les contemporaines par-gradation;RÉTIF DE LA BRETONNE, Nicolas-Edme;;;;
83.48;La dernière avanture;RÉTIF DE LA BRETONNE, Nicolas-Edme;;;;
83.49;Histoire de Christine, reine de Suabe;RICCOBONI, Marie-Jeanne Laboras de Mézières, madame;;;;
83.5;Le fat corrigé;;;;;
83.51;Les aventures du comte de Rivière;USSIEUX, Louis d’;;;;
83.52;Charles de France;USSIEUX, Louis d’;;;;
83.53;La disgrâce de Comines;USSIEUX, Louis d’;;;;
83.54;Les amours du comte d’Angoulême;USSIEUX, Louis d’;;;;
83.55;L’art de corriger;VASSE, Cornélie-Pétronille-Bénédicte Wouters, baronne de;;;;
83.56;Le char volant;VASSE, Cornélie-Pétronille-Bénédicte Wouters, baronne de;;;;
83.57;Le nouveau continent;VASSE, Cornélie-Pétronille-Bénédicte Wouters, baronne de;;;;
83.59;Le danger d’aimer un étranger;WITART DE BEZU;;;;
83.6;Histoire de mademoiselle de Morsan;;;;;
83.7;Histoire de Mr Montague;;;;;
83.8;Ma conversion;;;;;
83.9;Mémoires de Suzon;;;;;
84.1;L’apothéose moderne;;;;;
84.10;Le cabriolet;BEAUHARNAIS, Fanny de;;;;
84.11;L’ami de l’adolescence;BERQUIN, Arnaud;;;;
84.13;Le danger d’une première faute;BRIEL, J.-H.-D.;;;;
84.16;Les voyages d’Amour, fils de Vénus;CHAMPAGNY, Charles de Nompère, chevalier de;;;;
84.17;Lettres de mistriss Henley;CHARRIÈRE, Isabelle-Agnès-Elisabeth van Tuyll van Serooskerken van Zuylen, dame de;;;;
84.18;Lettres neuchâteloises;CHARRIÈRE, Isabelle-Agnès-Elisabeth van Tuyll van Serooskerken van Zuylen, dame de;;;;
84.2;Les confessions d’une courtisane;;;;;
84.20;L’école des filles;CUBIÈRES-PALMÉZEAUX, Michel de;;;;
84.21;La dernière Héloïse;DAUPHIN;;;;
84.22;Baby-Bambou;DESCHAMPS DE SAUCOURT;;;;
84.23;Le retour de mon pauvre oncle;DULAURE, Jacques -A.;;;;
84.24;Les six nouvelles de M. de Florian;FLORIAN, Jean-Pierre Claris de;;;;
84.25;Amusements littéraires;FORTIA D’URBAN, Agricole-Joseph-François-Xavier-Pierre-Esprit-Simon-Paul-Antoine, marquis de;;;;
84.26;Les veillées du château;GENLIS, Stéphanie-Félicité Ducrest de Saint-Aubin, marquise de Sillery, comtesse de;;;;
84.27;Nouveau voyage sentimental;GORJY, Jean-Claude;;;;
84.28;Vie et amours d’un pauvre diable;HAUDART;;;;
84.29;Mis Mac Rea;HILLIARD D’AUBERTEUIL, Michel-René;;;;
84.3;Le diner du Lion d’Or;;;;;
84.32;Les travaux de monsieur l’abbé Mouche;LANTIER, Étienne-François;;;;
84.33;Ramassis;LA ROCHEFOUCAULD-SURGÈRES, Jean-François de;;;;
84.34;Aabba;LE CAMUS DE MEZIERES, Nicolas;;;;
84.35;Emire et Agathee;LEROY DE LOZEMBRUNE, François-Claude;;;;
84.36;Les folies philosophiques;LUCHET, Jean-Pierre-Louis de La Roche du Maine, marquis de;;;;
84.37;L’insuffisance de la vertu;LUCHET, Jean-Pierre-Louis de La Roche du Maine, marquis de;;;;
84.38;Olinde;LUCHET, Jean-Pierre-Louis de La Roche du Maine, marquis de;;;;
84.39;Le vicomte de Barjac;LUCHET, Jean-Pierre-Louis de La Roche du Maine, marquis de;;;;
84.4;Histoire et aventures merveilleuses;;;;;
84.40;Histoire d’Eugénie Bedford;MALARME, Charlotte de Bournon, comtesse de;;;;
84.41;Asgill;MAYER, Charles-Joseph de;;;;
84.42;Laure et Felino;MAYER, Charles-Joseph de;;;;
84.43;Bergeries et opuscules;MÉRARD DE SAINT-JUST, Anne-Jeanne-Félicité d’Ormoy, madame;;;;
84.46;Histoire intéressante;MOMORO, Antoine-François;;;;
84.47;Lettres taïtiennes ;MONBART, Marie Joséphine de Lescun de;;;;
84.48;Histoire d’Ab-dal-Mazour;MONNET, Marie, née Moreau;;;;
84.50;L’étourdi;NERCIAT, André-Robert Andréa de;;;;
84.52;Télèphe, en XII livres;PECHMEJA, Jean de;;;;
84.53;Le roi voyageur;PERREAU, Jean-André;;;;
84.56;Récréations de philosophie et de morale;POUGENS, Marie-Charles-Joseph de;;;;
84.58;La paysanne pervertie;RÉTIF DE LA BRETONNE, Nicolas-Edme;;;;
84.59;La prévention nationale;RÉTIF DE LA BRETONNE, Nicolas-Edme;;;;
84.6;Le petit fils d’Hercule;;;;;
84.64;Le voyage des Muses;THIERY;;;;
84.65;Œuvres complètes;VOLTAIRE, François-Marie Arouet de;;;;
84.9;Nouvelles historiques, Le comte de Gleichen;ARNAUD, François-Thomas-Marie de Baculard d’;;;;
85.10;L’inconnue;;;;;
85.11;Julie;;;;;
85.12;Mémoires d’un prisonnier d’Etat;;;;;
85.13;La princesse infortunée;;;;;
85.14;Prix de l’union;;;;;
85.16;Les vieilles lanternes;;;;;
85.19;Alida et Dorval;BEAUNOIR, Alexandre-Louis-Bertrand Robineau, dit de;;;;
85.2;Les amours et les aventures du lord Fox ;;;;;
85.20;Les dangers d’un premier choix;BRICAIRE DE LA DIXMERIE, Nicolas;;;;
85.21;Les voyages du (sic) lord Henri;BRIEL, J.-H.-D.;;;;
85.23;Le triomphe de la raison;CACOUAULT DE LA MIMARDIÈRE, mademoiselle;;;;
85.24;Lettres écrites de Lausanne;CHARRIÉRE, Isabelle-Agnès-Elisabeth van Tuyll van Serooskerken van Zuylen, dame de;;;;
85.25;Camille;CONSTANT DE REBECQUE, Samuel de;;;;
85.26;Cléomene;DIDOT, Pierre;;;;
85.28;Lettres;FONTETTE DE SOMMERY, mademoiselle;;;;
85.29;Ismene et Tarsis;GRAINVILLE, Jean-Baptiste-Christophe;;;;
85.3;L’année galante;;;;;
85.33;Eusèbe;LA VEAUX, Jean-Charles-Thibault de;;;;
85.34;Seconde suite de l’Aventurier françois;LESUIRE, Robert-Martin;;;;
85.35;Richard Bodley;MALARME, Charlotte de Bournon, comtesse de;;;;
85.36;Aventures et plaisante éducation;MAYER, Charles-Joseph de;;;;
85.37;Les écarts du tempérament;NERCIAT, André-Robert Andréa de;;;;
85.38;L’isle des sages;NOGARET, François-Félix;;;;
85.39;Les dangers de la sympathie;NOUGARET, Pierre-Jean-Baptiste;;;;
85.4;L’asile des Grâces;;;;;
85.40;Les veillées du Marais;RÉTIF DE LA BRETONNE, Nicolas-Edme;;;;
85.42;Isman;RIVAROL, Claude-François, chevalier, ensuite comte de;;;;
85.43;Le vice et la foiblesse;RUTLIDGE, James, dit Jean-Jacques Rutledge;;;;
85.47;Œuvres diverses;WARGEMONT;;;;
85.48;Pièces morales et sentimentales;WYNNE, Justinienne, comtesse ORSINI-ROSENBERG;;;;
85.5;Aventures singulières d’un voyageur aérien ;;;;;
85.7;La belle captive;;;;;
85.8;Les deux journées;;;;;
85.9;L’exemple et les passions;;;;;
86.1;Alexandrine de Ba**;;;;;
86.10;Exercices de dévotion;;;;;
86.12;Histoire galante;;;;;
86.13;Les loisirs d’une jeune personne;;;;;
86.14;Les malheureuses amours;;;;;
86.16;Les soirées de quelques religieuses;;;;;
86.19;Délassemens de l’homme sensible;ARNAUD, François-Thomas-Marie de Baculard d’;;;;
86.2;L’amitié dangereuse;;;;;
86.20;Le somnambule;BEAUHARNAIS, Fanny de;;;;
86.22;Lettres sur le désir de plaire;BENOIST, Françoise-Albine Puzin de La Martinière, madame;;;;
86.23;Les heures de loisir;BRIEL, J.-H.-D.;;;;
86.26;Nouvelles histoires et paraboles;CHAMPION DE NILON, le père Charles-François;;;;
86.27;Laure;CONSTANT DE REBECQUE, Samuel de;;;;
86.29;Zélie dans le désert;DAUBENTON, Marguerite;;;;
86.32;Mémoires de madame de Warens;DOPPET, François-Amédée;;;;
86.33;Langle Amours;FLEURIOT, Jean-Marie-Jérôme, marquis de;;;;
86.34;Numa Pompilius;FLORIAN, Jean-Pierre Claris de;;;;
86.36;L’homme-sans-façon;HAVE, Adrien-Joseph;;;;
86.38;Monsieur Emanuel Figaro;LANTEIRES, Jean;;;;
86.39;Mes promenades champêtres;LECLERC, Jean-Baptiste;;;;
86.42;Tableau des mœurs;LEROY DE LOZEMBRUNE, François-Claude;;;;
86.43;Cruzamante;LOQUET, Marie-Françoise;;;;
86.44;Madame la duchesse de Morsheim;LUCHET, Jean-Pierre-Louis de La Roche du Maine, marquis de;;;;
86.45;Mademoiselle de Baudéon;LUCHET, Jean-Pierre-Louis de La Roche du Maine, marquis de;;;;
86.46;L’heureux jeune homme;MAIMIEUX, Joseph de;;;;
86.47;L’hypocrite démasqué;MAIMIEUX, Joseph de;;;;
86.48;Tout est possible à l’amitié;MALARME, Charlotte de Bournon, comtesse de;;;;
86.51;Le rideau levé;MIRABEAU, Honoré-Gabriel de Riqueti, comte de;;;;
86.52;Caroline;MONTOLIEU, Elisabeth-Jeanne-Pauline Polier de Bottens, dite;;;;
86.55;Confessions du chevalier de ***;NOUVEL;;;;
86.56;Choix de petits romans de différens genres;PAULMY, Antoine-René de Voyer d’Argenson, marquis de;;;;
86.57;Idylles;PETIGNY DE SAINT-ROMAIN, Marie-Louise-Rose Levesque, madame;;;;
86.58;La femme infidelle;RÉTIF DE LA BRETONNE, Nicolas-Edme;;;;
86.59;Les Françaises;RÉTIF DE LA BRETONNE, Nicolas-Edme;;;;
86.6;Le chevalier de Weémar;;;;;
86.60;Les confessions d’un Anglois;RUTLIDGE, James, dit Jean-Jacques Rutledge;;;;
86.61;Mémoires d’Anne de Gonzagues;SÉNAC DE MEILHAN, Gabriel;;;;
86.62;Le voyageur sentimental;VERNES fils, F.;;;;
86.63;Zéna;VILLETERQUE, Alexandre-Louis;;;;
86.7;Daphnis et Clorinde;;;;;
86.8;Les égaremens d’un philosophe;;;;;
86.9;Euphémie;;;;;
87.1;Adoulzin;;;;;
87.12;Histoire d’une Franco-indienne;;;;;
87.13;Le magnétiseur amoureux;;;;;
87.14;La matinée libertine;;;;;
87.16;La négresse couronnée;;;;;
87.20;Zilia et Agathide;;;;;
87.24;Les amans d’autrefois;BEAUHARNAIS, Fanny de;;;;
87.25;Vathek;BECKFORD, William;;;;
87.29;Palémon;CHAISNEAU, abbé Charles;;;;
87.30;Caliste;CHARRIÈRE, Isabelle-Agnès-Elisabeth van Tuyll van Serooskerken van Zuylen, dame de;;;;
87.33;Misogug;CUBIÈRES-PALMÉZEAUX, Michel de;;;;
87.34;Hipparchie et Cratès;DANTAL, Charles;;;;
87.36;Contes sages et fous;DÉJARDIN DE COURCELLES, madame, née Tournay;;;;
87.38;Le comte de Tersanc;DIDOT, Pierre;;;;
87.39;Le médecin de l’amour;DOPPET, François-Amédée;;;;
87.4;Azémor;;;;;
87.40;Mémoires de sir George Wollap;DUPLESSIS, chevalier Pierre;;;;
87.41;Mélanges de poésie et de littérature;FLORIAN, Jean-Pierre Claris de;;;;
87.42;L’homme errant fixé par la raison;GACON-DUFOUR, Marie-Armande-Jeanne d’Humières, madame;;;;
87.43;Le préjugé vaincu;GACON-DUFOUR, Marie-Armande-Jeanne d’Humières, madame;;;;
87.44;Lettres de madame de G***;GAUTHIER, madame de;;;;
87.45;L’isle inconnue;GRIVEL, Guillaume;;;;
87.50;Eugénie et ses élèves ;LAFITE, Marie-Elisabeth Bouée, madame de;;;;
87.51;Amusemens des eaux de Passy;LA SOLLE, Henri-François de;;;;
87.52;Bois-Robert Cécile;LAVALLEE, Joseph, marquis de;;;;
87.53;Œuvres de M. Léonard;LÉONARD, Nicolas-Germain;;;;
87.54;Le philosophe parvenu ;LESUIRE, Robert-Martin;;;;
87.54bis;Ainsi finissent les grandes passions ;LOAISEL DE TRÉOGATE, Joseph-Marie;;;;
87.56;Une année de la vie du chevalier de Faublas;LOUVET DE COUVRAY, Jean-Baptiste;;;;
87.57;Les amours du chevalier Bayard;MAYER, Charles-Joseph de;;;;
87.59;Lettres de Jenny Bleinmore;MONNET, Marie, née Moreau;;;;
87.6;La confession du conseiller D... G…;;;;;
87.60;La foie de Paris;NOUGARET, Pierre-Jean-Baptiste;;;;
87.61;Le danger d’être trop sage;PIGAULT-LEBRUN, Charles-Antoine-Guillaume Pigault de l’Epinay, dit;;;;
87.65;Les Parisiennes;RÉTIF DE LA BRETONNE, Nicolas-Edme;;;;
87.67;Mémoire de Sultan-Faithful;RONESSE, Jacques-Hippolyte;;;;
87.68;Supplément à la Quinzaine angloise;RUTLIDGE, James, dit Jean-Jacques Rutledge;;;;
87.69;Histoire d’une détention;SAINT-AULAIRE, Yrieix Beaupoil, marquis de;;;;
87.7;Confessions du comte de C****;;;;;
87.8;La femme vertueuse;;;;;
87.9;Les filles de l’Opéra;;;;;
88.1;L’amant généreux;;;;;
88.10;Fragment d’un voyage;;;;;
88100;Les nuits de Paris;RÉTIF DE LA BRETONNE, Nicolas-Edme;;;;
88105;Histoire de mademoiselle de Sirval;TOURNON, Alexandre, dit;;;;
88106;Les Morlaques;WYNNE, Justinienne, comtesse ORSINI-ROSENBERG;;;;
88.11;Histoire de la comtesse de Rochen;;;;;
88.14;Jenny et Walfield;;;;;
88.15;Lettres de la marquise de Brémont;;;;;
88.16;Lettres intéressantes;;;;;
88.17;Lucinde;;;;;
88.21;La philosophie du sentiment;;;;;
88.24;Le temple de Bélus;;;;;
88.25;La méchante femme et le bon jeune homme;ANDRÉ, Jean-François;;;;
88.27;Voyage du jeune Anacharsis;BARTHÉLEMY, abbé Jean-Jacques;;;;
88.3;Les contes de mon bisaïeul;;;;;
88.32;La marquise de Ben***;BETTE D’ETTIENVILLE, Jean-Charles-Vincent de;;;;
88.33;Bagatelles littéraires;BILDERBECK, baron Ludwig Benedict Franz von;;;;
88.36;Le géant Isoire;BRICAIRE DE LA DIXMERIE, Nicolas;;;;
88.39;Casanova de Seingalt;CASANOVA, Giacomo, dit;;;;
88.42;Areas;CHAISNEAU, abbé Charles;;;;
88.43;Observations et conjectures politiques;CHARRIÈRE, Isabelle-Agnès-Elisabeth van Tuyll van Serooskerken van Zuylen, dame de;;;;
88.46;Supplément à l’histoire de Zélie;DAUBENTON, Marguerite;;;;
88.48;Lolotte et Fanfan ;DUCRAY-DUMINIL, François-Guillaume;;;;
88.5;Les dangers d’un amour illicite;;;;;
88.50;Code du bonheur;ERLACH, Rodolphe-Louis d’;;;;
88.51;Ander-Can;FANTIN-DESODOARDS, Antoine-Etienne-Nicolas;;;;
88.52;La femme et les Vœux;FERRIÈRES, Charles-Elie, marquis de;;;;
88.53;Claris de Estelle;FLORIAN, Jean-Pierre;;;;
88.54;Lettres de mademoiselle de Tourville;FONTETTE DE SOMMERY, mademoiselle;;;;
88.55;Miss Anysie;FUMELH, madame de;;;;
88.56;Les dangers de la coquetterie;GACON-DUFOUR, Marie-Armande-Jeanne d’Humières, madame;;;;
88.57;Opuscules en vers et en prose;GAUDE;;;;
88.59;Blançay;GORJY, Jean-Claude;;;;
88.6;Les écueils de l’amitié;;;;;
88.63;Mélange de vers et de prose;HARTIG, Franz, Graf von;;;;
88.74;Erminie;LANTIER, Étienne-François;;;;
88.75;Collection de romans et contes;LA PLACE, Pierre-Antoine de;;;;
88.76;Le mal-adroit;LA SALLE D’OFFÉMONT, Adrien-Nicolas Piédefer, marquis de;;;;
88.78;Dernière suite de l’Aventurier françois;LESUIRE, Robert-Martin;;;;
88.79;Le jardin anglois;LE TOURNEUR, Pierre-Prime-Félicien;;;;
88.80;Histoire de Sophie et d’Ursule;LE VACHER DE CHARNOIS, Jean-Charles;;;;
88.83;Six semaines;LOUVET DE COUVRAY, Jean-Baptiste;;;;
88.84;Une seule faute;LUCHET, Jean-Pierre-Louis de La Roche du Maine, marquis de;;;;
88.86;Le comte de Saint-Méran;MAIMIEUX, Joseph de;;;;
88.87;Justine d’Arancy;MAIMIEUX, Joseph de;;;;
88.88;Lettres de mylord Walton;MALARME, Charlotte de Bournon, comtesse de;;;;
88.89;Le roman sans titre;MARCHANT, François;;;;
88.90;Apologues modernes à l’usage du Dauphin;MARÉCHAL, Pierre-Sylvain;;;;
88.91;Lisvart de Grèce;MAYER, Charles-Joseph de;;;;
88.92;Histoire de la baronne d’Alvigny;MÉRARD DE SAINT-JUST, Anne-Jeanne-Félicité d’Ormoy, madame;;;;
88.93;Mon journal d’un an;MÉRARD DE SAINT-JUST, Anne-Jeanne-Félicité d’Ormoy, madame;;;;
88.94;Le doctorat impromptu;NERCIAT, André-Robert Andréa de;;;;
88.95;Les galanteries;NERCIAT, André-Robert Andréa de;;;;
88.96;Les travers d’un homme de qualité;NOUGARET, Pierre-Jean-Baptiste;;;;
88.97;Le printemps d’une jolie femme;PARENT, madame;;;;
88.98;Lettres d’Hortense de Valsin;POLIER DE BOTTENS, Jeanne-Françoise de;;;;
89104;Correspondance secrette;SÉGUR, Alexandre-Joseph-Pierre, vicomte de;;;;
89108;La Franciade;VERNES fils, F.;;;;
89.11;Émerance;;;;;
89111;Historiettes et conversations;WIESENHUETTEN, Frederike Henriette, baronne de;;;;
89112;Lydie de Gersin;WIESENHUETTEN, Frederike Henriette, baronne de;;;;
89.12;Le fils naturel;;;;;
89.13;Grandar;;;;;
89.16;Histoire véritable de Gingigolo;;;;;
89.18;Typoo-Saib;;;;;
89.2;Anandria;;;;;
89.20;Mémoires d’une jeune fille;;;;;
89.21;La Messaline française ;;;;;
89.22;Nouveau conte arabe;;;;;
89.23;Le retour de Babouc à Persepolis;;;;;
89.24;Le royaume de Naudelit;;;;;
89.25;Une nuit de Babylone;;;;;
89.26;La voyageuse languedocienne ;;;;;
89.32;Zilia;BEAUFORT D’HAUTPOUL, comtesse Joséphine, née de Coutances;;;;
89.35;Anna;BÉDIGIS, François-Nicolas;;;;
89.36;D’Anacharsis;BÉRENGER, Laurent-Pierre;;;;
89.37;Le dernier cri du monstre;BODARD DE TEZAY, Nicolas-Marie-Félix;;;;
89.38;Le monstre déchiré;BODARD DE TEZAY, Nicolas-Marie-Félix;;;;
89.43;Lettres d’un Indien à Paris;CARACCIOLI, Louis-Antoine, marquis de;;;;
89.44;La passion de notre vénérable clergé;CARACCIOLI, Louis-Antoine, marquis de;;;;
89.46;Les deux familles;CHARRIÈRE, Isabelle-Agnès-Elisabeth van Tuyll van Serooskerken van Zuylen, dame de;;;;
89.49bis;Jérôme Sharp;DECREMPS, Henri;;;;
89.5;Un orphelin françois;;;;;
89.51;Lettres de la comtesse de..…;DEVAINES, Jean;;;;
89.53;Célestina;DOPPET, François-Amédée;;;;
89.54;Vintzenried;DOPPET, François-Amédée;;;;
89.55;Alexis;DUCRAY-DUMINIL, François-Guillaume;;;;
89.56;Histoire du marquis de Séligni;DUPLESSIS, chevalier Pierre;;;;
89.57;Honorine Derville;DUPLESSIS, chevalier Pierre;;;;
89.58;Les dévotions de madame de Betzhamooth;DUVERNET, abbé Théophile-Imarigeon;;;;
89.59;L’oreille;FONTETTE DE SOMMERY, mademoiselle;;;;
89.63;Jean le noir;GAUTIER, abbé Jean-Jacques;;;;
89.64;L’épouse rare;GETNON-VILLE, comtesse de;;;;
89.65;Victorine;GORJY, Jean-Claude;;;;
89.70;Les aventures de messire Anselme;HOURCASTREMÉ, Pierre;;;;
89.77;Le nègre comme il y a peu de blancs;LAVALLÉE, Joseph, marquis de Bois-Robert;;;;
89.78;Roman historique, philosophique et politique;LE BRETON;;;;
89.8;Coraly et Zamore;;;;;
89.81;Le crime;LESUIRE, Robert-Martin;;;;
89.82;Le repentir;LESUIRE, Robert-Martin;;;;
89.85;Suite du Comte de Saint-Méran;MAIMIEUX, Joseph de;;;;
89.86;Contes saugrenus;MARÉCHAL, Pierre-Sylvain;;;;
89.90;Le temple de la mode;MONNERON, Marie-Uranie-Rose, madame;;;;
89.91;Contes en l’air;NESMOND, comtesse de;;;;
89.92;Le danger des circonstances ;NOUGARET, Pierre-Jean-Baptiste;;;;
89.95;Ingénue Saxancour;RÉTIF DE LA BRETONNE, Nicolas-Edme;;;;
89.96;Monument du costume physique et moral;RÉTIF DE LA BRETONNE, Nicolas-Edme;;;;
89.98;Ulamor et Feltidie;ROSNY, Antoine-Joseph-Nicolas de;;;;
89.99;Alphonsine;RUTLIDGE, James, dit Jean-Jacques Rutledge;;;;
90.1;Les amours et les malheurs de Louise;;;;;
90.10;Marie-Antoinette dans l’embarras;;;;;
90.11;La Pariséide;;;;;
90.12;Philo;;;;;
90.13;Les progrès du libertinage;;;;;
90.14;Les religieuses au sérail;;;;;
90.15;Le rendez-vous de Madame Elisabeth;;;;;
90.16;Le roi trompé et détrompé;;;;;
90.17;Rosa;;;;;
90.18;Soirées amoureuses du général Mottier;;;;;
90.2;Anecdote historique;;;;;
90.23;L’isle des philosophes;BALTHAZARD, abbé;;;;
90.24;Mémoires secrets;BARTHÉLEMY, abbé Louis;;;;
90.25;Narrations d’Omaï;BASTON, abbé Guillaume-André-René;;;;
90.27;Bibliothèque des villages;BERQUIN, Arnaud;;;;
90.28;Cyane;BILDERBECK, baron Ludwig Benedict Franz von;;;;
90.31;Démétrius;CHAMBERT, Pierre;;;;
90.33;Les délassemens d’un paresseux;DUMARQUET, abbé Louis-Joseph;;;;
90.34;Madame la marquise de Montcornillon;DUVERNET, abbé Théophile-Imarigeon;;;;
90.36;Les nymphes de Dyctyme;FOURNIER DE TONY;;;;
90.38;Sophie;GAUTIER-LACÉPÈDE, madame;;;;
90.40;Lidorie;GORJY, Jean-Claude;;;;
90.41;Saint-Alme;GORJY, Jean-Claude;;;;
90.43;Réponses à démêler;LAFITE, Marie-Elisabeth Bouée, madame de;;;;
90.44;Les Bohémiens;LAFITE DE PELLEPORT, Anne-Gédéon;;;;
90.45;Seconde lettre à M. Cérutti;LA PLACE, Pierre-Antoine de;;;;
90.46;Le Gil-Blas françois ;LEMAIRE;;;;
90.47;La fin des amours du chevalier de Faublas;LOUVET DE COUVRAY, Jean-Baptiste;;;;
90.48;Elmine;MASSON, Charles-François-Philibert;;;;
90.49;Romans de monsieur de Mayer;MAYER, Charles-Joseph de;;;;
90.5;Les fouteurs ecclésiastiques;;;;;
90.52;Charlotte Belmont;MILLON, Charles;;;;
90.53;Le véritable philantrope;MOUTONNET DE CLAIRFONS, Julien-Jacques;;;;
90.54;Le miroir des événemens actuels;NOGARET, François-Félix;;;;
90.55;Veillées béarnoises;PICQUÉ, Jean-Pierre;;;;
90.56;La boussole nationale;POCHET, A.;;;;
90.57;Le Palais-Royal, première partie;RÉTIF DE LA BRETONNE, Nicolas-Edme;;;;
90.6;Les délassemens secrets;;;;;
90.61;Mémoires de Julie de M...;RUTLIDGE, James, dit Jean-Jacques Rutledge;;;;
90.62;La femme jalouse;SÉGUR, Alexandre-Joseph-Pierre, vicomte de;;;;
90.64;Les deux cousins;SÉNAC DE MEILHAN, Gabriel;;;;
90.65;Le martyr de la liberté;SERIEYS, Antoine;;;;
90.7;L’esprit dupe du cœur;;;;;
90.9;Le fils de Babouc à Persépolis;;;;;
91.1;Les aventures de Chrysandre;;;;;
91.11;Craon et les trois opprimés;BARBAULT-ROYER, P.-F.;;;;
91.12;Le livre de famille;BERQUIN, Arnaud;;;;
91.13;Ferdinand Vertamont;BOULARD, Martin-Sylvestre;;;;
91.14;Pastorales dédiées à la nation;CHAISNEAU, abbé Charles;;;;
91.15;Lettre à M. Necker;CHARRIÈRE, Isabelle-Agnès-Elisabeth van Tuyll van Serooskerken van Zuylen, dame de;;;;
91.16;Ma république;DELISLE DE SALES, Jean-Baptiste-Claude Izouard, dit;;;;
91.17;Zélamire;DOPPET, François-Amédée;;;;
91.18;Petit-Jacques et Georgette;DUCRAY-DUMINIL, François-Guillaume;;;;
91.19;Saint-Flour et Justine;FERRIÈRES, Charles-Elie, marquis de;;;;
91.2;Les bijoux du petit neveu de l’Arétin;;;;;
91.20;Soirées villageoises;FLEURIOT, Jean-Marie-Jérôme, marquis de;;;;
91.21;Gonzalve de Cordoue;FLORIAN, Jean-Pierre Claris de;;;;
91.22;Le rosier et le brouillard;FONTETTE DE SOMMERY, mademoiselle;;;;
91.24;Tablettes sentimentales du bon Pamphile;GORJY, Jean-Claude;;;;
91.25;Stellino;GOURBILLON, C.;;;;
91.26;La fatalité;GRAINVILLE, Jean-Baptiste-Christophe;;;;
91.3;Clélie;;;;;
91.30;Contes et idylles;KÉRATRY, Auguste-Hilarion de;;;;
91.31;L’habit gris;L’AULNAYE, François-Henri-Stanislas de;;;;
91.32;Les heureux modèles;LEMIERRE D’ARGY, Auguste-Jacques;;;;
91.33;Les deux solitaires des Alpes;LIOMIN, L.-A.;;;;
91.34;Emilie de Varmont;LOUVET DE COUVRAY, Jean-Baptiste;;;;
91.35;Les déjeunés du village;MARMONTEL, Jean-François;;;;
91.36;L’erreur d’un bon père;MARMONTEL, Jean-François;;;;
91.37;La veillée;MARMONTEL, Jean-François;;;;
91.38;Azoline;MERCIER DE COMPIÈGNE, Claude-François-Xavier;;;;
91.4;L’eau à la bouche et la pelle au cul;;;;;
91.40;Werthérie;PERRIN, Pierre;;;;
91.41;L’année des dames nationales;RÉTIF DE LA BRETONNE, Nicolas-Edme;;;;
91.42;Justine;SADE, Donatien-Alphonse-François, marquis de;;;;
91.43;La chaumière indienne;SAINT-PIERRE, Jacques-Henri;;;;
91.44;Le roi Guiot;VESQUE DE PUTTELANGE, Jean;;;;
91.5;L’éducation d’Admete;;;;;
91.6;Sinbad le marin;;;;;
91.7;Julie philosophe;;;;;
91.8;Le lit de noce;;;;;
91.9;Les pantins des boulevards;;;;;
92.1;Aza;;;;;
92.10;Le règne du prince Trop-bon;;;;;
92.11;Tableau sentimental;;;;;
92.12;Le commissionnaire de la ligue d’Outre-Rhin;DOPPET, François-Amédée;;;;
92.13;Nouvelles nouvelles ;FLORIAN, Jean-Pierre Claris de;;;;
92.16;Le prince philosophe;GOUGES, Marie Gouze, dite Olympe de;;;;
92.17;Paulin;GRANDIN, Charles-François;;;;
92.19;Les visites par mademoiselle D** K***;KJÉRALIO, Marie-Françoise Abeille, madame de;;;;
92.2;Le cadran des plaisirs de la cour;;;;;
92.20;Valcour et Pauline;LABLÉE, Jacques;;;;
92.23;Charmansange;LESUIRE, Robert-Martin;;;;
92.24;La bergère d’Aranville;LIOMIN, L.-A.;;;;
92.25;Les victimes de l’amour;LORY DE NARP, madame;;;;
92.27;L’école de l’amitié;MARMONTEL, Jean-François;;;;
92.29;Fictions morales;MERCIER, Louis-Sébastien;;;;
92.30;Rosalie et Gerblois;MERCIER DE COMPIÈGNE, Claude-François-Xavier;;;;
92.31;Les soirées de l’automne;MERCIER DE COMPIÈGNE, Claude-François-Xavier;;;;
92.33;Mon noviciat;NERCIAT, André-Robert Andréa de;;;;
92.34;Monrose;NERCIAT, André-Robert Andréa de;;;;
92.35;Honorine Clarins;NOUGARET, Pierre-Jean-Baptiste;;;;
92.36;Le hameau de l’Agnielas;POLLIN, abbé Jean-Baptiste;;;;
92.37;Bogislas X, duc de Poméranie;ROZET;;;;
92.38;Suite des Vœux d’un solitaire;SAINT-PIERRE, Jacques-Henri Bernardin de;;;;
92.39;Les prémices d’Annette;SERVIEZ, le général Emmanuel-Gervais Roergas de;;;;
92.4;Les délices de Coblentz;;;;;
92.5;Echo foutromane;;;;;
92.7;Les émigrantes;;;;;
92.8;Nessir et Zulime;;;;;
92.9;Nitona Franka et le sultan Patapouf ;;;;;
93.1;Aventures et voyages;;;;;
93.13;Ismaél et Christine;MERCIER DE COMPIÈGNE, Claude-François-Xavier;;;;
93.14;Nouvelles galantes et tragiques ;MERCIER DE COMPIÈGNE, Claude-François-Xavier;;;;
93.15;Les veillées du couvent;MERCIER DE COMPIÈGNE, Claude-François-Xavier;;;;
93.16;Les Aphrodites;NERCIAT, André-Robert Andréa de;;;;
93.19;Les veillées d’un malade;VILLETERQUE, Alexandre-Louis;;;;
93.20;Journal de Lolotte;WIESENHUETTEN, Frederike Henriette, baronne de;;;;
93.3;Décrets des sens sanctionnés par la volupté;;;;;
93.4;Le degré des âges du plaisir;;;;;
93.5;Voyage du diable et de la folie;;;;;
93.6;Vie politique de Marie-Louise de Parme;BARBA, Jean-Nicolas;;;;
93.8;Lettres trouvées;CHARRIÈRE, Isabelle-Agnès-Elisabeth van Tuyll van Serooskerken van Zuylen, dame de;;;;
93.9;Histoire de la galanterie;CHAUSSARD, Pierre-Jean-Baptiste, dit Publicola;;;;
94.1;Ce qui fait le bonheur ;;;;;
94.11;Les nuits de Paris;RÉTIF DE LA BRETONNE, Nicolas-Edme;;;;
94.12;Adraste et Nancy;ROCHEFORT, A.T. de;;;;
94.13;Adèle de Sénange;SOUZA, Adélai’de-Marie-Émilie Filleul, comtesse de Flahaut, puis marquise de;;;;
94.14;Necker, baronne de Zulma;STAËL-HOLSTEIN, Anne-Louise-Germaine Necker, baronne de;;;;
94.15;La vie et l’oeuvre de feu l’abbé Bazin;VERDAN;;;;
94.2;Suzette;;;;;
94.4;Paramythes;BILDERBECK, baron Ludwig Benedict Franz von;;;;
94.5;Félix et Pauline;BLANCHARD, Pierre;;;;
94.6;Alfrede ;CAZENOVE D’ARLENS, Constance de;;;;
94.6bis;Codicile sentimental et moral ;DUCRAY-DUMINIL, François-Guillaume;;;;
94.7;Les aventures de Jérôme Lecocq ;HENRIQUEZ, L.-M.;;;;
94.8;Voyage autour de ma chambre ;MAISTRE, comte Xavier de;;;;
95.1;Apollon;;;;;
95.10;Valmidor et Florella;BOIELDIEU, Marie-Jacques-Amand;;;;
95.12;Triomphe de la saine philosophie;BOOSER, madame;;;;
95.13;Martial;BRUGUIÈRE, J.-T. (du Gard);;;;
95.14;Confidence d’un jeune homme;CONDREN-SUSANNE, A.-C.-L.;;;;
95.15;Le damoisel et la bergerette;CUVELIER DE TRIE, Jean-Guillaume-A.;;;;
95.18;Les soirées de la chaumière;DUCRAY-DUMINIL, François-Guillaume;;;;
95.20;Les chevaliers du cygne;GENLIS, Stéphanie-Félicité Ducrest de Saint-Aubin, marquise de Sillery, comtesse de;;;;
95.24;Dorbeuil et Céliane de Valran;LEBASTIER, C.-B.;;;;
95.25;Zénobie;LEGROING-LA-MAISONNEUVE, mademoiselle F.-T.-A.;;;;
95.26;Camille et Formose;MATON DE LA VARENNE, Pierre-Anne-Louis de;;;;
95.28;Gérard de Velsen;MERCIER DE COMPIÈGNE, Claude-François-Xavier;;;;
95.29;Ismaël et Christine;MERCIER DE COMPIÈGNE, Claude-François-Xavier;;;;
95.31;Les nuits de la Conciergerie;MERCIER DE COMPIÈGNE, Claude-François-Xavier;;;;
95.32;Les nuits d’hiver;MERCIER DE COMPIÈGNE, Claude-François-Xavier;;;;
95.33;Contes et historiettes en prose ;NOGARET, François-Félix;;;;
95.34;La recette du médecin Nicoclès;PONT-WULLYAMOZ, Marie-Louise-Françoise de;;;;
95.35;Le naufrage;QUESNÉ, Jacques Salbigoton;;;;
95.36;Aline et Valcour;SADE, Donatien-Alphonse-François, marquis de;;;;
95.37;La philosophie dans le boudoir;SADE, Donatien-Alphonse-François, marquis de;;;;
95.42;Recueil de morceaux détachés ;STAËL-HOLSTEIN, Anne-Louise-Germaine Necker, baronne de;;;;
95.9;Les loisirs de la liberté;BARBAULT-ROYER, P.-F.;;;;
96.1;Rosalie, fille de joie;;;;;
96.10;Veillées américaines;;;;;
96.11;Petite bibliothèque des enfans;BLANCHARD, Pierre;;;;
96.12;Le rêveur sentimental;BLANCHARD, Pierre;;;;
96.13;Simplicie;BLANCHARD, Pierre;;;;
96.16;Lilasie;CARACCIOLI, Louis-Antoine, marquis de;;;;
96.17;Henriette et Emma;CAZENOVE D’ARLENS, Constance de;;;;
96.18;Les trois femmes;CHARRIÉRE, Isabelle-Agnès-Elisabeth van Tuyll van Serooskerken van Zuylen, dame de;;;;
96.18bis;La fille hussard;CUVELIER DE TRIE, Jean-Guillaume-A.;;;;
96.2;Carline et Belval;;;;;
96.23;Révolutions de l’Inde;FANTIN-DESODOARDS, Antoine-Etienne-Nicolas;;;;
96.3;Les confessions d’un solitaire;;;;;
96.30;Les amours du fameux comte de Bonneval;GRASSET-SAINT-SAUVEUR, Jacques;;;;
96.31;Dom Carlos et Séraphine;GRASSET-SAINT-SAUVEUR, Jacques;;;;
96.32;Hortense;GRASSET-SAINT-SAUVEUR, Jacques;;;;
96.33;Tout s’arrange à la fin;HAUDRY, mademoiselle;;;;
96.38;Les tombeaux;LOMBARD DE LANGRES, Vincent Lombard, dit;;;;
96.39;Les trois sœurs;MALARME, Charlotte de Bournon, comtesse de;;;;
96.40;Marcoméris;MALLET, Jean-Louis;;;;
96.41;Rose d’Amblainville;MATHEY DE MASSILLIAN, L.-Ch.-C.;;;;
96.42;Les malheurs de la jalousie;MÉNARD, madame;;;;
96.43;Les veillées d’une femme sensible;MÉNARD, madame;;;;
96.44;Démence de madame de Panor;MÉRARD DE SAINT-JUST, Anne-Jeanne-Félicité d’Ormoy, madame;;;;
96.46;Les catastrophes amoureuses;MOLINE, Pierre-Louis;;;;
96.49;Opuscules philosophiques;PEIGNOT, Étienne-Gabriel;;;;
96.5;L’enfant du plaisir;;;;;
96.50;L’enfant du carnaval;PIGAULT-LEBRUN, Charles-Antoine-Guillaume Pigault de l’Epinay, dit;;;;
96.51;Anecdotes tirées de l’histoire;PONT-WULLYAMOZ, Marie-Louise-Françoise de;;;;
96.52;Miss Belhowe et le lord Clarendon;QUATREMÈRE-DISJONVAL, madame S.-N.;;;;
96.53;Mes vingt-cinq ans;ROSNY, Antoine-Joseph-Nicolas de;;;;
96.54;Essais en vers et en prose;ROUGET DE LISLE, Claude-Joseph;;;;
96.6;Les infortunes de Maria;;;;;
96.60;Cyrus et Milto;USSIÈRES, H.;;;;
96.61;Adélaide de Clarencé;VERNES fils, F.;;;;
96.8;Nouvelle vision de Babouc;;;;;
96.9;Les plus courtes folies sont les meilleures;;;;;
97.1;Adèle;;;;;
97.11;Halicamasse;BARTHÉLEMY, abbé Jean-Jacques;;;;
97.13;Pauline et moi;BERTHEVIN, J.-J.-G.;;;;
97.14;Rose;BLANCHARD, Pierre;;;;
97.15;Le roman de Merlin l’enchanteur;BOULARD, Martin-Sylvestre;;;;
97.16;Les amours et aventures d’un émigré;BOURLIN, Antoine-Jean;;;;
97.17;La mesure des rois;CAMBRY, Jacques;;;;
97.18;Coralie;CHOISEUL-MEUSE, comtesse Félicité de;;;;
97.21;Jacques le fataliste et son maître;DIDEROT, Denis;;;;
97.22;La religieuse;DIDEROT, Denis;;;;
97.23;Victor;DUCRAY-DUMINIL, François-Guillaume;;;;
97.24;Les contes jaunes;FRÉVILLE, Anne-François-Joachim;;;;
97.25;Antonio;GALLAND, Antoine;;;;
97.26;Le sort des femmes;GALLAND, Antoine;;;;
97.27;Lettres d’une jeune Vestale;GIROD, abbé Charles-Jean;;;;
97.29;Adolphe;GRANDMAISON VAN ESBECQ, madame;;;;
97.3;Manuscrit trouvé;;;;;
97.31;Contes orientaux et autres;GRIFFET DE LABAUME, Antoine-Gilbert;SPIESS, Heinrich;;;
97.33;Révélations d’amour;HENRION, Charles;;;;
97.34;Lucie et Victor;HUBIN, Jean-Hubert;;;;
97.39;Contes nouveaux en prose;KÜHNE, F.-Th.;;;;
97.41;Bauny;LEBRUN-TOSSA, Jean-Antoine Brun, dit Alexandrine de;;;;
97.43;Confessions de Rabelais;LESUIRE, Robert-Martin;;;;
97.44;Le secret d’être heureux;LESUIRE, Robert-Martin;;;;
97.48;Les matinées du printemps;MERCIER DE COMPIÈGNE, Claude-François-Xavier;;;;
97.51;Primerose;MOREL DE VINDÉ, Charles-Gilbert Terray, vicomte de;;;;
97.53;Eugène et Sophie;QUESNÉ, Jacques Salbigoton;;;;
97.59;Sabina d’Herfeld;RÉVÉRONI SAINT-CYR, Jacques-Antoine, baron de;;;;
97.6;Les ressouvenir; de M**;;;;
97.61;Une journée de Paris;RIPAULT, Louis-Madeleine;;;;
97.65;Adèle et Germeuil;ROSNY, Antoine-Joseph-Nicolas de;;;;
97.66;Les infortunes de Mr. de la Galetierre;ROSNY, Antoine-Joseph-Nicolas de;;;;
97.67;Isidore et Juliette;ROSNY, Antoine-Joseph-Nicolas de;;;;
97.68;Joseph et Caroline;ROSNY, Antoine-Joseph-Nicolas de;;;;
97.69;Les six nouvelles;ROSNY, Antoine-Joseph-Nicolas de;;;;
97.71;La nouvelle Justine;SADE, Donatien-Alphonse-François, marquis de;;;;
97.72;Zephyre;SANCHAMAU, J.-B.;;;;
97.73;Alphonse d’Armoncourt;SANCY, madame de;;;;
97.74;L’émigré;SÉNAC DE MEILHAN, Gabriel;;;;
97.77;Hélène;WIESENHUETTEN, Frederike Henriette, baronne de;;;;
98.1;Adèle et Sophie;;;;;
98.10;Eugène et Julie;;;;;
98.11;L’Européenne sauvage;;;;;
98.14;Hic et hacc;;;;;
98.15;Innocence et tendresse;;;;;
98.19;Mémoires d’une famille émigrée;;;;;
98.2;Agéanax;;;;;
98.22;Pauline et Belval;;;;;
98.27;La vengeance maternelle;;;;;
98.28;Célestine;BELLIN DE LA LIBORLIÈRE, Louis-François-Marie;;;;
98.3;Les amans réunis;;;;;
98.30;Félicie de Vilmard;BLANCHARD, Pierre;;;;
98.31;Laurence de Sainte-Beuve;BLANCHARD, Pierre;;;;
98.34;Histoire d’une famille;CAGNIARD;;;;
98.36;Les aventures de mon cousin;DABAYTUA;;;;
98.37;Le poète;DESFORGES, Pierre-Jean-Baptiste Choudard;;;;
98.38;Œuvres de Denis Diderot;DIDEROT, Denis;;;;
98.39;Sinclair;DUCOS, Angélique Caze de La Bove, madame Marie de;;;;
98.4;Amélie;;;;;
98.41;La dot de Suzette ;FIÉVÉE, Joseph;;;;
98.43;Georgeana;GACON-DUFOUR, Marie-Armande-Jeanne d’Humières, madame;;;;
98.44;Les petits émigrés;GENLIS, Stéphanie-Félicité Ducrest de Saint-Aubin, marquise de Sillery, comtesse de;;;;
98.45;Les vœux téméraires;GENLIS, Stéphanie-Félicité Ducrest de Saint-Aubin, marquise de Sillery, comtesse de;;;;
98.47;Nouvelle suite des Mille et une nuits;GOULLIART, P.-L.;;;;
98.5;Amin;;;;;
98.50;Eleonore et Monval;HUBIN, Jean-Hubert;;;;
98.60;Nérine;LAFONT, F.-Gaspard;;;;
98.62;Voyages d’Anténor;LANTIER, Étienne-François;;;;
98.63;Le mieux;LA SALLE D’OFFÉMONT, Adrien-Nicolas Piédefer, marquis de;;;;
98.65;Les dangers de l’intrigue;LAVALLÉE, Joseph, marquis de Bois-Robert;;;;
98.67;Virginie Bellemont;LEMAIRE, Henri;;;;
98.68;Œuvres de Léonard;LÉONARD, Nicolas-Germain;;;;
98.69;Confessions de Clément Marot;LESUIRE, Robert-Martin;;;;
98.7;Le château de Mortimore;;;;;
98.73;Les trois frères;MALARME, Charlotte de Bournon, comtesse de;;;;
98.75;Delphina;MÉNÉGAULT, A.-P.-F.;;;;
98.76;Stéphanor;MÉNÉGAULT, A.-P.-F.;;;;
98.78;La sorcière de Verberie;MERCIER DE COMPIÈGNE, Claude-François-Xavier;;;;
98.80;Le naufrage & la mort du Cte de Boulainvilliers;PAILLET;;;;
98.81;Adonis;PICQUENARD, J.-B.;;;;
98.82;Les barons de Felsheim;PIGAULT-LEBRUN, Charles-Antoine-Guillaume Pigault de l’Epinay, dit;;;;
98.84;L’anti-Justine;RÉTIF DE LA BRETONNE, Nicolas-Edme;;;;
98.85;Pauliska;RÉVÉRONI SAINT-CYR, baron Jacques-Antoine de;;;;
98.87;Anecdote du jour;ROSNY, Antoine-Joseph-Nicolas de;;;;
98.88;Firmin;ROSNY, Antoine-Joseph-Nicolas de;;;;
98.89;Gemance;ROSNY, Antoine-Joseph-Nicolas de;;;;
98.90;Aphrodite;SAINT-MARCEL, A.-Philippe Tardieu;;;;
98.93;La belle Indienne;VASSE, Cornélie-Pétronille-Bénédicte Wouters, baronne de;;;;
98.94;L’île de Wight;WALCKANAER;;;;
98.97;Nelson;WOUTERS, Marie;;;;
99.1;Adolphe et Clara;;;;;
99.10;Les comédiens ambulans;;;;;
99103;Minuit;LA GRAVE, comtesse de;;;;
99104;Sophie de Beauregard;LA GRAVE, comtesse de;;;;
99105;Zabeth;LA GRAVE, comtesse de;;;;
99106;Valerine de Monsabran;LA ROCHELLE, L.-F.-G. B... de;;;;
99107;Jephté;LA SERRIE, François-Joseph de;;;;
99108;Les veillées de Minerve;LAUS DE BOISSY, Louis de;;;;
99109;Antoine;LE BAS, P.-L.;;;;
99.11;Contes saugrenus;;;;;
99110;Le jeune sauvage dans la société;LEJEUNE, Augustin;;;;
99111;Hortense et Sélicourt;LEMAIRE, Henri;;;;
99112;Mélanie et Félicité;LEMAIRE, Henri;;;;
99113;La pauvre rentière;LEMAIRE, Henri;;;;
99114;Rosine;LEMAIRE, Henri;;;;
99115;Les quatre aventures;LESUIRE, Robert-Martin;;;;
99116;Aventures de milord Stitt;LOCRÉ, baron Jean-Guillaume;;;;
99118;Charles de Rosenfeld;MAIMIEUX, Joseph de;;;;
99119;Théobald Leymour;MALARME, Charlotte de Bournon, comtesse de;;;;
99120;Voyages de Pythagore;MARÉCHAL, Pierre-Sylvain;;;;
99121;Le château noir;MÉRARD DE SAINT-JUST, Anne-Jeanne-Félicité d’Ormoy, madame;;;;
99122;Tableaux du plaisir et de la volupté;MERCIER DE COMPIÈGNE, Claude-François-Xavier;;;;
99123;Lise et Valcour;MÉRÉ, Elisabeth Guénard, madame Brossin de;;;;
99124;Le nouveau Faublas;MIMAUT, Jean-François;;;;
99125;Clémence de Lautrec;MOREL DE VINDÉ, Charles-Gilbert Terray, vicomte de;;;;
99126;Les malheurs d’Elisabeth;MOYLIN-FLEURY;;;;
99128;L’Anglais cosmopolite;MUSSET-PATHAY, Victor-Donatien de Musset, dit;;;;
99129;La cabane mystérieuse;MUSSET-PATHAY, Victor-Donatien de Musset, dit;;;;
99.13;Eléonore;;;;;
99133;Paris métamorphosé ;NOUGARET, Pierre-Jean-Baptiste;;;;
99134;Amour, haine et vengeance;PAGÈS, François-Xavier;;;;
99135;Le délire des passions;PAGÈS, François-Xavier;;;;
99136;Les erreurs de la vie;PAGÈS, François-Xavier;;;;
99137;Les faiblesses d’un grand homme ;PAGÈS, François-Xavier;;;;
99138;Le triomphe de l’amour et de l’amitié;PAGÈS, François-Xavier;;;;
99.14;Les enchantemens et métamorphoses;;;;;
99140;Le berger arcadien;PERTUSIER, Charles;;;;
99141;Angélique et Jeanneton;PIGAULT-LEBRUN, Charles-Antoine-Guillaume Pigault de l’Epinay, dit;;;;
99143;Mélanges;PONT-WULLYAMOZ, Marie-Louise-Françoise de;;;;
99145;Les cinq voleurs de la Forêt-Noire;QUESNÉ, Jacques Salbigoton;;;;
99146;lllyrine;QUINQUET, Suzanne Gireux, madame Bertrand;;;;
99147;La caverne de Strozzi;REGNAULT-WARIN, Jean-Baptiste-Joseph-Innocent-Philadelphe;;;;
99148;Nos folies;RÉVÉRONI SAINT-CYR, Jacques-Antoine, baron de;;;;
99149;Juliette et Dalmor;RICARD SAINT-HILAIRE;;;;
99.15;Eugénie et Charles;;;;;
99154;Eulalie;ROME, madame de, née Marné de Morville;;;;
99155;Calixta de Pormentall;ROSNY, Antoine-Joseph-Nicolas de;;;;
99156;La laitière de Saint-Ouen;ROSNY, Antoine-Joseph-Nicolas de;;;;
99157;L’optique du jour;ROSNY, Antoine-Joseph-Nicolas de;;;;
99158;Le prêteur sur gages;ROSNY, Antoine-Joseph-Nicolas de;;;;
99159;Le tableau comique;ROSNY, Antoine-Joseph-Nicolas de;;;;
99.16;Fanny et Montrose;;;;;
99160;Le crocodile;SAINT-MARTIN, Louis-Claude;;;;
99161;Un pot sans couvercle et rien dedans;SALVERTE, Anne-Joseph-Eusèbe Baconnière de;;;;
99167;Emilie et Alphonse;SOUZA, Adélaïde-Marie-Emilie, comtesse de Flahaut, puis marquise de;;;;
99.17;La forêt de Livry;;;;;
99171;Œuvres posthumes du comte de Thiard;THIARD DE BISSY, comte Henri-Charles de;;;;
99172;Pauline de Vergies;TOTT, Claire de;;;;
99173;Le voyageur sentimental;VERNES fils, F.;;;;
99174;Maria;VILLEMAIN D’ABANCOURT, François-Jean;;;;
99.18;Georges et Isaure;;;;;
99.2;Aldénare;;;;;
99.20;Histoire d’Aglantine de Ruhtner (sic);;;;;
99.22;Jean Clergeot;;;;;
99.23;Juliane;;;;;
99.24;Julieri;;;;;
99.25;Lucy O-Neil;;;;;
99.26;Ma vie de garçon;;;;;
99.28;La naissance de Pitt;;;;;
99.29;Nanette;;;;;
99.3;Alphonse;;;;;
99.30;Octave et Sophie;;;;;
99.31;Petits contes moraux;;;;;
99.32;Philippe et Félicité;;;;;
99.33;Sainte-Hélene et Monrose;;;;;
99.34;Sophie;;;;;
99.35;Le triomphe de la vertu;;;;;
99.36;Voilà comme on aime;;;;;
99.38;Walzik;;;;;
99.39;Zéphirin;;;;;
99.4;Azélia et Germeuil;;;;;
99.40;Zoraïm;;;;;
99.42;Ernesta;ANTRAIGUES, madame d’;;;;
99.43;Les matinées;ARNAUD, François-Thomas-Marie de Baculard d’;;;;
99.44;La nuit anglaise ;BELLIN DE LA LIBORLIÈRE, Louis-François-Marie;;;;
99.46;Le pacha;BIZET;CHAUSSIER, Hector;;;
99.47;Le tombeau;BIZET;CHAUSSIER, Hector;;;
99.48;Moïna;BONAPARTE, Joseph-Napoléon, roi d’Espagne;;;;
99.49;Canino La tribu indienne;BONAPARTE, Lucien, prince de;;;;
99.50;L’enfant de mon père;BOURLIN, Antoine-Jean;;;;
99.52;Mon voyage;CADET DE GASSICOURT, Charles-Louis;;;;
99.53;Les orphelines de Flower-Garden;CAZENOVE D’ARLENS, Constance de;;;;
99.57;Le nouveau diable boiteux;CHAUSSARD, Pierre-Jean-Baptiste, dit Publicola;;;;
99.59;Alberti;CHOISEUL-MEUSE, comtesse Félicité de;;;;
99.6;Charles et Alma;;;;;
99.60;Les enfans des Vosges;COIFFIER DE MORET, Simon;;;;
99.61;Renelle;COLLEVILLE, Charles-Denis;;;;
99.62;Claire d’Albe;COTTIN, Sophie Ristaud, dame;;;;
99.65;Amelie de Beaufort;DELBARE, François-Thomas;;;;
99.66;Zénobie;DELBARE, François-Thomas;;;;
99.68;Le vieux de la montagne;DELISLE DE SALES, Jean-Baptiste-Claude Izouard, dit;;;;
99.69;Emilie;DERESTE;;;;
99.70;Laura et Inesille;DESFONTAINES, François-Georges Fouques, dit;;;;
99.71;Edouard et Arabelle;DESFORGES, Pierre-Jean-Baptiste Choudard;;;;
99.72;Eugène et Eugénio;DESFORGES, Pierre-Jean-Baptiste Choudard;;;;
99.74;Un mois d’hiver d’Alphonse;DOGNON, J.-F.;;;;
99.75;Madame Clémence de Villefort;DUCOS, Angélique Caze de La Bove, madame Marie de;;;;
99.76;Les cinquante francs de Jeannette;DUCRAY-DUMINIL, François-Guillaume;;;;
99.77;Cœlina;DUCRAY-DUMINIL, François-Guillaume;;;;
99.78;Les veillées de ma grand’mère;DUCRAY-DUMINIL, François-Guillaume;;;;
99.79;La mort d’Azaël;DUGAT, P.-D.;;;;
99.8;Christine et Sigefroid;;;;;
99.80;Châteaufort;DUPLESSY, baronne Alexandrine de;;;;
99.81;Le mariage de la sœur du diable;DUPLESSY, baronne Alexandrine de;;;;
99.82;Azalaïs et le Gentil Aimar;FABRE D’OLIVET, Antoine;;;;
99.83;Frédéric;FIÉVÉE, Joseph;;;;
99.85;Les jeux, les fables et les maximes;FRÉVILLE, Anne-François-Joachim;;;;
99.86;Célesta;GARDY, J.-A.;;;;
99.87;Cérano;GARDY, J.-A.;;;;
99.88;Matilde;GARDY, J.-A.;;;;
99.89;Praxile;GIRARD, Joseph-François-Henri de;;;;
99.92;Les contradictions;GUIZOT, madame Pauline de, née Meulan;;;;
99.96;Frondeabus, fils d’Herschell;HENRIQUEZ, L.-M.;;;;
99.98;La galerie des femmes;JOUY, Victor-Joseph-Etienne de;;;;
";;;;;
";;;;;;
