filename	title_to_altLabel	token count	bgrf	title_wikidata	lang	full_work_non_modernized
Abbes_Voyage	Voyage dans les espaces	5601	58.5	0	fr	https://github.com/MiMoText/roman18/blob/master/plain/files_non_modernized/Abbes_Voyage.txt
AndreSerieys_Comte	Le comte d'A*** ou les aventures d'un jeune voyageur sorti de la cour de France en 1789	68837	00.39	0	fr	https://github.com/MiMoText/roman18/blob/master/plain/files_non_modernized/AndreSerieys_Comte.txt
Anonym_Enfant	L'enfant du bordel	31195	00.16	Q72060038	fr	https://github.com/MiMoText/roman18/blob/master/plain/files_non_modernized/Anonym_Enfant.txt
Anonym_Histoire	Histoire d'un peuple nouveau	42915	57.1	0	fr	https://github.com/MiMoText/roman18/blob/master/plain/files_non_modernized/Anonym_Histoire.txt
Anonym_Suzon	Mémoires de Suzon, soeur de Dom Bougre	29294	83.9	Q93956625	fr	https://github.com/MiMoText/roman18/blob/master/plain/files_non_modernized/Anonym_Suzon.txt
Anonyme_Venus	Vénus en rut ou Vie d'une célèbre libertine	41764	70.18	Q72044257	fr	https://github.com/MiMoText/roman18/blob/master/plain/files_non_modernized/Anonyme_Venus.txt
Anonyme_Zoloe	Zoloé et ses deux acolythes	18089	00.37	Q72044301	fr	https://github.com/MiMoText/roman18/blob/master/plain/files_non_modernized/Anonyme_Zoloe.txt
Arnaud_Adelson	Adelson et Salvini, anecdote anglaise	26434	72.10	0	fr	https://github.com/MiMoText/roman18/blob/master/plain/files_non_modernized/Arnaud_Adelson.txt
Arnaud_Anne	Anne Bell, histoire anglaise	18692	69.12	0	fr	https://github.com/MiMoText/roman18/blob/master/plain/files_non_modernized/Arnaud_Anne.txt
Arnaud_Bal	Le Bal de Venise	17326	51.9	0	fr	https://github.com/MiMoText/roman18/blob/master/plain/files_non_modernized/Arnaud_Bal.txt
Arnaud_Batilde	Bathilde ou l'héroïsme de l'amour, anecdote historique par M. d'Arnaud	15703	67.14	0	fr	https://github.com/MiMoText/roman18/blob/master/plain/files_non_modernized/Arnaud_Batilde.txt
Arnaud_Clary	Clary ou le retour à la vertu récompensé	14372	67.15	0	fr	https://github.com/MiMoText/roman18/blob/master/plain/files_non_modernized/Arnaud_Clary.txt
Arnaud_Epoux	Les époux malheureux	76960	83.15	0	fr	https://github.com/MiMoText/roman18/blob/master/plain/files_non_modernized/Arnaud_Epoux.txt
Arnaud_Fanny	Fanny, histoire anglaise	17786	64.14	0	fr	https://github.com/MiMoText/roman18/blob/master/plain/files_non_modernized/Arnaud_Fanny.txt
Arnaud_Julie	Julie ou l'heureux repentir	17134	67.16	0	fr	https://github.com/MiMoText/roman18/blob/master/plain/files_non_modernized/Arnaud_Julie.txt
Arnaud_Lucie	Lucie et Mélanie ou les deux sœurs généreuses	13026	67.17	0	fr	https://github.com/MiMoText/roman18/blob/master/plain/files_non_modernized/Arnaud_Lucie.txt
Arnaud_Matinees	Les matinées	76569	99.43	0	fr	https://github.com/MiMoText/roman18/blob/master/plain/files_non_modernized/Arnaud_Matinees.txt
Arnaud_Nancy	Nancy ou les malheurs de l'imprudence et de la jalousie	17520	67.18	0	fr	https://github.com/MiMoText/roman18/blob/master/plain/files_non_modernized/Arnaud_Nancy.txt
Arnaud_Sargines	Sargines, nouvelle	22149	72.11	0	fr	https://github.com/MiMoText/roman18/blob/master/plain/files_non_modernized/Arnaud_Sargines.txt
Arnaud_Selicourt	Sélicourt, nouvelle	18765	69.13	0	fr	https://github.com/MiMoText/roman18/blob/master/plain/files_non_modernized/Arnaud_Selicourt.txt
Arnaud_Sidney	Sidney et Volsan	18068	66.9	0	fr	https://github.com/MiMoText/roman18/blob/master/plain/files_non_modernized/Arnaud_Sidney.txt
Arnaud_Zenothemis	Zénothémis	18689	73.9	0	fr	https://github.com/MiMoText/roman18/blob/master/plain/files_non_modernized/Arnaud_Zenothemis.txt
BarbeMarbois_Parisienne	La Parisienne en province	28983	69.14	0	fr	https://github.com/MiMoText/roman18/blob/master/plain/files_non_modernized/BarbeMarbois_Parisienne.txt
Barthe_Femme	La jolie femme ou la femme du jour	62820	69.15	0	fr	https://github.com/MiMoText/roman18/blob/master/plain/files_non_modernized/Barthe_Femme.txt
Bastide_Maison	La Petite Maison	6933	62.9	Q19187345	fr	https://github.com/MiMoText/roman18/blob/master/plain/files_non_modernized/Bastide_Maison.txt
Beauharnais_Lettres	Lettres de Stéphanie	130171	78.12	0	fr	https://github.com/MiMoText/roman18/blob/master/plain/files_non_modernized/Beauharnais_Lettres.txt
Beaumont_Belle	La Belle et la Bête	5599	56.19	Q60193373	fr	https://github.com/MiMoText/roman18/blob/master/plain/files_non_modernized/Beaumont_Belle.txt
Beaumont_Clarice	La nouvelle Clarice	135446	67.36	0	fr	https://github.com/MiMoText/roman18/blob/master/plain/files_non_modernized/Beaumont_Clarice.txt
Beaumont_Prince	Le Prince Chéri	4674	56.19	Q106165259	fr	https://github.com/MiMoText/roman18/blob/master/plain/files_non_modernized/Beaumont_Prince.txt
Beckford_Vathek	Vathek: conte arabe	35155	87.25	Q54548	fr	https://github.com/MiMoText/roman18/blob/master/plain/files_non_modernized/Beckford_Vathek.txt
Bellin_Nuit	La Nuit anglaise	47041	99.44	0	fr	https://github.com/MiMoText/roman18/blob/master/plain/files_non_modernized/Bellin_Nuit.txt
Benoist_Elisabeth	Elisabeth	84754	66.11	0	fr	https://github.com/MiMoText/roman18/blob/master/plain/files_non_modernized/Benoist_Elisabeth.txt
Benouville_Pensees	Les pensées errantes	39065	58.8	0	fr	https://github.com/MiMoText/roman18/blob/master/plain/files_non_modernized/Benouville_Pensees.txt
Bernardin_Chaumiere	Chaumière Indienne	13551	91.43	Q42187814	fr	https://github.com/MiMoText/roman18/blob/master/plain/files_non_modernized/Bernardin_Chaumiere.txt
Bernardin_Paul	Paul et Virginie	64366	88101	Q2293012	fr	https://github.com/MiMoText/roman18/blob/master/plain/files_non_modernized/Bernardin_Paul.txt
Berquin_Enfants	L'ami des Enfants	38322	82.14	Q42185919	fr	https://github.com/MiMoText/roman18/blob/master/plain/files_non_modernized/Berquin_Enfants.txt
Blanchard_Philetas	Philétas	27292	00.50	0	fr	https://github.com/MiMoText/roman18/blob/master/plain/files_non_modernized/Blanchard_Philetas.txt
Boismortier_Histoire	Histoire de Jacques Féru	7294	66.12	0	fr	https://github.com/MiMoText/roman18/blob/master/plain/files_non_modernized/Boismortier_Histoire.txt
Boufflers_Reine	La Reine de Golgonde	4444	61.6	0	fr	https://github.com/MiMoText/roman18/blob/master/plain/files_non_modernized/Boufflers_Reine.txt
Brument_Henriette	Henriette de Wolmar	20729	68.17	0	fr	https://github.com/MiMoText/roman18/blob/master/plain/files_non_modernized/Brument_Henriette.txt
CastilhonJL_Zingha	Zingha, reine d'Angola	42517	69.23	0	fr	https://github.com/MiMoText/roman18/blob/master/plain/files_non_modernized/CastilhonJL_Zingha.txt
CastilhonJ_Robert	Histoire de Robert le Diable, duc de Normandie; et de Richard sans peur, son fils	56536	69.22	0	fr	https://github.com/MiMoText/roman18/blob/master/plain/files_non_modernized/CastilhonJ_Robert.txt
Cazotte_Diable	Le Diable amoureux	26070	72.17	Q1994609	fr	https://github.com/MiMoText/roman18/blob/master/plain/files_non_modernized/Cazotte_Diable.txt
Cazotte_Honneur	L'Honneur perdu et recouvré	14965	88.41	0	fr	https://github.com/MiMoText/roman18/blob/master/plain/files_non_modernized/Cazotte_Honneur.txt
Cazotte_Ollivier	Ollivier	59530	63.19	0	fr	https://github.com/MiMoText/roman18/blob/master/plain/files_non_modernized/Cazotte_Ollivier.txt
Charriere_Caliste	Caliste ou continuation des Lettres écrites de Lausanne	29960	87.30	Q19136090	fr	https://github.com/MiMoText/roman18/blob/master/plain/files_non_modernized/Charriere_Caliste.txt
Charriere_Femmes	Trois Femmes	40344	96.18	Q96575163	fr	https://github.com/MiMoText/roman18/blob/master/plain/files_non_modernized/Charriere_Femmes.txt
Charriere_Lausanne	Lettres écrites de Lausanne	23794	85.24	Q19136090	fr	https://github.com/MiMoText/roman18/blob/master/plain/files_non_modernized/Charriere_Lausanne.txt
Charriere_Neuchateloises	Lettres neuchâteloises	19651	84.18	0	fr	https://github.com/MiMoText/roman18/blob/master/plain/files_non_modernized/Charriere_Neuchateloises.txt
Charriere_Noble	Le noble	7007	63.21	0	fr	https://github.com/MiMoText/roman18/blob/master/plain/files_non_modernized/Charriere_Noble.txt
Charriere_Observations	Observations et conjectures politiques	4815	88.43	0	fr	https://github.com/MiMoText/roman18/blob/master/plain/files_non_modernized/Charriere_Observations.txt
Charriere_Ruines	Les Ruines d'Yedburg	17383	98.35	0	fr	https://github.com/MiMoText/roman18/blob/master/plain/files_non_modernized/Charriere_Ruines.txt
Charriere_Sainte	Sainte Anne	26210	98.35	0	fr	https://github.com/MiMoText/roman18/blob/master/plain/files_non_modernized/Charriere_Sainte.txt
Chaussard_Diable	Le Nouveau Diable boiteux	83995	99.57	0	fr	https://github.com/MiMoText/roman18/blob/master/plain/files_non_modernized/Chaussard_Diable.txt
Chevrier_Colporteur	Le Colporteur	43000	62.11	0	fr	https://github.com/MiMoText/roman18/blob/master/plain/files_non_modernized/Chevrier_Colporteur.txt
Chevrier_Magakou	Ma-Gakou histoire japonnoise	15679	52.18	0	fr	https://github.com/MiMoText/roman18/blob/master/plain/files_non_modernized/Chevrier_Magakou.txt
Colombe_Plaisirs	Les plaisirs d'un jour ou la journée d'une provinciale à Paris	41910	64.41	0	fr	https://github.com/MiMoText/roman18/blob/master/plain/files_non_modernized/Colombe_Plaisirs.txt
Constant_Laure	Laure, ou Lettres de quelques personnes de Suisse	274881	86.27	0	fr	https://github.com/MiMoText/roman18/blob/master/plain/files_non_modernized/Constant_Laure.txt
Constant_Mari	Le mari sentimental	39223	83.22	0	fr	https://github.com/MiMoText/roman18/blob/master/plain/files_non_modernized/Constant_Mari.txt
Cottin_Claire	Claire d'Albe	40093	99.62	Q2975140	fr	https://github.com/MiMoText/roman18/blob/master/plain/files_non_modernized/Cottin_Claire.txt
Crebillon_Atheniennes	Lettres athéniennes extraites du porte-feuille d'Alcibiade	181353	71.23	0	fr	https://github.com/MiMoText/roman18/blob/master/plain/files_non_modernized/Crebillon_Atheniennes.txt
Crebillon_Conte	Ah quel conte !	135939	54.13	0	fr	https://github.com/MiMoText/roman18/blob/master/plain/files_non_modernized/Crebillon_Conte.txt
Crebillon_Nuit	La Nuit et le moment, ou les Matines de Cythère	32279	55.16	Q30738391	fr	https://github.com/MiMoText/roman18/blob/master/plain/files_non_modernized/Crebillon_Nuit.txt
DamiensGomicourt_Dorval	Dorval ou mémoires pour servir à l'histoire des moeurs du XVIIIe siècle	73461	69.30	0	fr	https://github.com/MiMoText/roman18/blob/master/plain/files_non_modernized/DamiensGomicourt_Dorval.txt
Denon_Point	Point de lendemain	7836	79.15	Q929438	fr	https://github.com/MiMoText/roman18/blob/master/plain/files_non_modernized/Denon_Point.txt
Diderot_Ceci	Ceci n'est pas un conte	7071	98.38	Q2943673	fr	https://github.com/MiMoText/roman18/blob/master/plain/files_non_modernized/Diderot_Ceci.txt
Diderot_Jacques	Jacques le fataliste et son maître	93744	97.21	Q945216	fr	https://github.com/MiMoText/roman18/blob/master/plain/files_non_modernized/Diderot_Jacques.txt
Diderot_Neveu	Le Neveu de Rameau	33211	1	Q1336786	fr	https://github.com/MiMoText/roman18/blob/master/plain/files_non_modernized/Diderot_Neveu.txt
Diderot_Oiseau	L'oiseau blanc	21719	98.38	Q3204457	fr	https://github.com/MiMoText/roman18/blob/master/plain/files_non_modernized/Diderot_Oiseau.txt
Diderot_Pensees	Pensées philosophiques	9631	77.33	Q3374872	fr	https://github.com/MiMoText/roman18/blob/master/plain/files_non_modernized/Diderot_Pensees.txt
Diderot_Religieuse	La Religieuse	65542	97.22	Q1209658	fr	https://github.com/MiMoText/roman18/blob/master/plain/files_non_modernized/Diderot_Religieuse.txt
Diderot_Supplement	Supplément au voyage de Bougainville	15831	98.38	Q1765222	fr	https://github.com/MiMoText/roman18/blob/master/plain/files_non_modernized/Diderot_Supplement.txt
Doppet_Memoires	Mémoires de Mme de Warens	34946	86.32	0	fr	https://github.com/MiMoText/roman18/blob/master/plain/files_non_modernized/Doppet_Memoires.txt
Dorat_Malheurs	Les Malheurs de l'inconstance ou Lettres de la marquise de Circé et du comte de Mirbelle	68518	72.19	0	fr	https://github.com/MiMoText/roman18/blob/master/plain/files_non_modernized/Dorat_Malheurs.txt
Dorat_Sacrifices	Les Sacrifices de l'amour	75519	71.25	0	fr	https://github.com/MiMoText/roman18/blob/master/plain/files_non_modernized/Dorat_Sacrifices.txt
Dorvigny_Tante	Ma tante Geneviève ou je l'ai échappé belle	95686	00.64	Q83154599	fr	https://github.com/MiMoText/roman18/blob/master/plain/files_non_modernized/Dorvigny_Tante.txt
Duclos_Memoires	Mémoires pour servir à l'histoire des mœurs du XVIII. siècle	37842	51.22	0	fr	https://github.com/MiMoText/roman18/blob/master/plain/files_non_modernized/Duclos_Memoires.txt
Ducray_Cinquante	Les Cinquante francs de Jeannette	72561	99.76	0	fr	https://github.com/MiMoText/roman18/blob/master/plain/files_non_modernized/Ducray_Cinquante.txt
Ducray_Coelina	Coelina ou l'enfant du mystère	244472	99.77	0	fr	https://github.com/MiMoText/roman18/blob/master/plain/files_non_modernized/Ducray_Coelina.txt
Ducray_Soirees	Les Soirées de la chaumière	309807	95.18	0	fr	https://github.com/MiMoText/roman18/blob/master/plain/files_non_modernized/Ducray_Soirees.txt
Ducray_Victor	Victor ou l'enfant de la forêt	170538	97.23	Q109921696	fr	https://github.com/MiMoText/roman18/blob/master/plain/files_non_modernized/Ducray_Victor.txt
Dulaurens_Compere	Le Compère Mathieu	145308	66.21	0	fr	https://github.com/MiMoText/roman18/blob/master/plain/files_non_modernized/Dulaurens_Compere.txt
Dulaurens_Imirce	Imirce ou la Fille de nature	69039	65.21	Q104184436	fr	https://github.com/MiMoText/roman18/blob/master/plain/files_non_modernized/Dulaurens_Imirce.txt
Duvernet_Devotions	Les dévotions de Mme de Bethzamooth et les Pieuses facéties de M. de Saint-Ognon	16596	89.58	Q98125600	fr	https://github.com/MiMoText/roman18/blob/master/plain/files_non_modernized/Duvernet_Devotions.txt
Duvernet_Guillaume	Monsieur Guillaume	9624	81.18	0	fr	https://github.com/MiMoText/roman18/blob/master/plain/files_non_modernized/Duvernet_Guillaume.txt
Duvernet_Retraite	La retraite, les tentations et les confessions de madame la marquise de Montcornillon	13040	90.34	Q98125600	fr	https://github.com/MiMoText/roman18/blob/master/plain/files_non_modernized/Duvernet_Retraite.txt
Falconet_Debut	Le début ou les premières aventures du chevalier de ***	27251	70.45	0	fr	https://github.com/MiMoText/roman18/blob/master/plain/files_non_modernized/Falconet_Debut.txt
Fievee_Dot	La Dot de Suzette	33262	98.41	Q107275176	fr	https://github.com/MiMoText/roman18/blob/master/plain/files_non_modernized/Fievee_Dot.txt
Florian_Estelle	Estelle	33715	88.53	0	fr	https://github.com/MiMoText/roman18/blob/master/plain/files_non_modernized/Florian_Estelle.txt
Florian_Galatee	Galatée	21849	83.26	0	fr	https://github.com/MiMoText/roman18/blob/master/plain/files_non_modernized/Florian_Galatee.txt
Florian_Numa	Numa Pompilius	71430	86.34	0	fr	https://github.com/MiMoText/roman18/blob/master/plain/files_non_modernized/Florian_Numa.txt
Fourqueux_Zely	Zély	25494	75.28	0	fr	https://github.com/MiMoText/roman18/blob/master/plain/files_non_modernized/Fourqueux_Zely.txt
Fyot_Memoires	Mémoires de monsieur de Berval	25974	52.23	0	fr	https://github.com/MiMoText/roman18/blob/master/plain/files_non_modernized/Fyot_Memoires.txt
Genlis_Adele	Adèle et Théodore	262122	82.20	0	fr	https://github.com/MiMoText/roman18/blob/master/plain/files_non_modernized/Genlis_Adele.txt
Genlis_Chevaliers	Les Chevaliers du cygne	193036	95.20	0	fr	https://github.com/MiMoText/roman18/blob/master/plain/files_non_modernized/Genlis_Chevaliers.txt
Genlis_Emigres	Les petits Emigrés	127940	98.44	0	fr	https://github.com/MiMoText/roman18/blob/master/plain/files_non_modernized/Genlis_Emigres.txt
Genlis_Meres	Les mères rivales ou la calomnie	224733	00.75	0	fr	https://github.com/MiMoText/roman18/blob/master/plain/files_non_modernized/Genlis_Meres.txt
Gerard_Comte	Le Comte de Valmont	180258	74.15	0	fr	https://github.com/MiMoText/roman18/blob/master/plain/files_non_modernized/Gerard_Comte.txt
Gilbert_Familles	Les Familles de Darius et d'Hidarne	56923	70.46	0	fr	https://github.com/MiMoText/roman18/blob/master/plain/files_non_modernized/Gilbert_Familles.txt
Gimat_Voyage	Le voyage de Mantes	27279	53.17	0	fr	https://github.com/MiMoText/roman18/blob/master/plain/files_non_modernized/Gimat_Voyage.txt
Gorjy_Voyage	Nouveau voyage sentimental	19016	84.27	0	fr	https://github.com/MiMoText/roman18/blob/master/plain/files_non_modernized/Gorjy_Voyage.txt
Grandin_Paulin	Paulin ou les avantures du comte de Walter	39682	92.17	0	fr	https://github.com/MiMoText/roman18/blob/master/plain/files_non_modernized/Grandin_Paulin.txt
Jacquin_Parisiennes	Lettres parisiennes sur le désir d'être heureux	61483	58.13	0	fr	https://github.com/MiMoText/roman18/blob/master/plain/files_non_modernized/Jacquin_Parisiennes.txt
Laclos_Liaisons	Les Liaisons dangereuses	147847	82.17	Q862050	fr	https://github.com/MiMoText/roman18/blob/master/plain/files_non_modernized/Laclos_Liaisons.txt
Lagrave_Sophie	Sophie de Beauregard, ou Le véritable amour	57937	99.104	0	fr	https://github.com/MiMoText/roman18/blob/master/plain/files_non_modernized/Lagrave_Sophie.txt
Lagrave_Zabeth	Zabeth, ou la Victime de l'ambition	73670	99.105	0	fr	https://github.com/MiMoText/roman18/blob/master/plain/files_non_modernized/Lagrave_Zabeth.txt
Laveaux_Eusebe	Eusèbe, ou les Beaux profits de la vertu dans le siècle où nous vivons	29867	85.33	0	fr	https://github.com/MiMoText/roman18/blob/master/plain/files_non_modernized/Laveaux_Eusebe.txt
Leonard_Clementine	La Nouvelle Clémentine	13554	74.20	0	fr	https://github.com/MiMoText/roman18/blob/master/plain/files_non_modernized/Leonard_Clementine.txt
Leonard_Lettres	Lettres de deux amants habitants de Lyon	66100	83.31	0	fr	https://github.com/MiMoText/roman18/blob/master/plain/files_non_modernized/Leonard_Lettres.txt
Lesuire_Aventurier	L'Aventurier François	217961	82.27	0	fr	https://github.com/MiMoText/roman18/blob/master/plain/files_non_modernized/Lesuire_Aventurier.txt
Lesuire_Crime	Le crime	180540	89.81	0	fr	https://github.com/MiMoText/roman18/blob/master/plain/files_non_modernized/Lesuire_Crime.txt
Linguet_Voyage	Voyage au labirinthe du jardin du roi	2492	55.27	0	fr	https://github.com/MiMoText/roman18/blob/master/plain/files_non_modernized/Linguet_Voyage.txt
Loaisel_Ainsi	Ainsi finissent les grandes passions	69753	87.54bis	0	fr	https://github.com/MiMoText/roman18/blob/master/plain/files_non_modernized/Loaisel_Ainsi.txt
Loaisel_Comtesse	La Comtesse d'Alibre	31565	79.22	0	fr	https://github.com/MiMoText/roman18/blob/master/plain/files_non_modernized/Loaisel_Comtesse.txt
Loaisel_Dolbreuse	Dolbreuse ou l'Homme du siècle ramené à la vérité par le sentiment et la raison	65768	83.33	0	fr	https://github.com/MiMoText/roman18/blob/master/plain/files_non_modernized/Loaisel_Dolbreuse.txt
Louvet_Annee	Une année dans la vie du chevalier de Faublas	119518	87.56	0	fr	https://github.com/MiMoText/roman18/blob/master/plain/files_non_modernized/Louvet_Annee.txt
Louvet_Fin	La Fin des amours de Faublas	72785	90.47	Q91971388	fr	https://github.com/MiMoText/roman18/blob/master/plain/files_non_modernized/Louvet_Fin.txt
Luchet_Vicomte	Le Vicomte de Barjac	34149	84.39	0	fr	https://github.com/MiMoText/roman18/blob/master/plain/files_non_modernized/Luchet_Vicomte.txt
Maistre_Voyage	Voyage autour de ma chambre	19704	94.8	Q10392559	fr	https://github.com/MiMoText/roman18/blob/master/plain/files_non_modernized/Maistre_Voyage.txt
Malarme_Rose	Anna Rose-Tree	84738	83.35	Q75936689	fr	https://github.com/MiMoText/roman18/blob/master/plain/files_non_modernized/Malarme_Rose.txt
Marchadier_Isle	L'isle de France ou la nouvelle colonie de Vénus	14702	52.32	0	fr	https://github.com/MiMoText/roman18/blob/master/plain/files_non_modernized/Marchadier_Isle.txt
Marchand_Avis	Les avis d'un père à son fils	19081	51.37	0	fr	https://github.com/MiMoText/roman18/blob/master/plain/files_non_modernized/Marchand_Avis.txt
Marmontel_Belisaire	Bélisaire	44240	67.39	Q5005038	fr	https://github.com/MiMoText/roman18/blob/master/plain/files_non_modernized/Marmontel_Belisaire.txt
Marmontel_Contes	Contes moraux	130234	61.12	Q107289374	fr	https://github.com/MiMoText/roman18/blob/master/plain/files_non_modernized/Marmontel_Contes.txt
Marmontel_Dejeunes	Les Déjeunés du village	15408	91.35	0	fr	https://github.com/MiMoText/roman18/blob/master/plain/files_non_modernized/Marmontel_Dejeunes.txt
Marmontel_Incas	Les Incas ou la destruction de l'empire du Pérou	109922	77.50	Q106889862	fr	https://github.com/MiMoText/roman18/blob/master/plain/files_non_modernized/Marmontel_Incas.txt
Maubert_Paisan	L'illustre païsan ou mémoires et avantures de Daniel Moginié	55774	54.28	0	fr	https://github.com/MiMoText/roman18/blob/master/plain/files_non_modernized/Maubert_Paisan.txt
Merard_Bergeries	Bergeries et opuscules de Mlle d'Ormoy l'aînée	19894	84.43	0	fr	https://github.com/MiMoText/roman18/blob/master/plain/files_non_modernized/Merard_Bergeries.txt
Mercier_An	L'An deux mille quatre cent quarante	68158	71.36	Q82530	fr	https://github.com/MiMoText/roman18/blob/master/plain/files_non_modernized/Mercier_An.txt
Mercier_Jezennemours	Jezennemours	78874	76.36	0	fr	https://github.com/MiMoText/roman18/blob/master/plain/files_non_modernized/Mercier_Jezennemours.txt
Mercier_Songes	Songes philosophiques	64765	68.42	0	fr	https://github.com/MiMoText/roman18/blob/master/plain/files_non_modernized/Mercier_Songes.txt
Mirabeau_Conversion	Ma Conversion ou le Libertin de qualité	39962	83.40	Q79219189	fr	https://github.com/MiMoText/roman18/blob/master/plain/files_non_modernized/Mirabeau_Conversion.txt
Mirabeau_Rideau	Le Rideau levé ou l'éducation de Laure	43539	86.51	Q19198685	fr	https://github.com/MiMoText/roman18/blob/master/plain/files_non_modernized/Mirabeau_Rideau.txt
Montdorge_Nadir	Nadir, histoire orientale	26454	69.36	0	fr	https://github.com/MiMoText/roman18/blob/master/plain/files_non_modernized/Montdorge_Nadir.txt
Montesquieu_Arsace	Arsace et Isménie : histoire orientale	14230	83.42	Q19132875	fr	https://github.com/MiMoText/roman18/blob/master/plain/files_non_modernized/Montesquieu_Arsace.txt
Moreau_Memoire	Nouveau mémoire pour servir à l'histoire des Cacouacs	11815	57.10	Q15891964	fr	https://github.com/MiMoText/roman18/blob/master/plain/files_non_modernized/Moreau_Memoire.txt
Morelly_Naufrage	Naufrage des Iles Flottantes	99912	53.26	Q56391765	fr	https://github.com/MiMoText/roman18/blob/master/plain/files_non_modernized/Morelly_Naufrage.txt
Morliere_Royalisme	Le royalisme	19394	70.56	0	fr	https://github.com/MiMoText/roman18/blob/master/plain/files_non_modernized/Morliere_Royalisme.txt
Mouhy_Opuscule	Opuscule d'un célèbre auteur égyptien	5306	52.35	0	fr	https://github.com/MiMoText/roman18/blob/master/plain/files_non_modernized/Mouhy_Opuscule.txt
Nerciat_Aphrodites	Les Aphrodites	110529	93.16	Q3230640	fr	https://github.com/MiMoText/roman18/blob/master/plain/files_non_modernized/Nerciat_Aphrodites.txt
Nerciat_Doctorat	Le Doctorat impromptu	15510	88.94	Q3222382	fr	https://github.com/MiMoText/roman18/blob/master/plain/files_non_modernized/Nerciat_Doctorat.txt
Nerciat_Etourdi	L'Étourdi	45516	84.50	Q72005582	fr	https://github.com/MiMoText/roman18/blob/master/plain/files_non_modernized/Nerciat_Etourdi.txt
Nerciat_Felicia	Félicia ou mes Fredaines	100569	75.37	Q20725904	fr	https://github.com/MiMoText/roman18/blob/master/plain/files_non_modernized/Nerciat_Felicia.txt
Nerciat_Monrose	Monrose ou le Libertin par fatalité	163436	92.34	Q72146509	fr	https://github.com/MiMoText/roman18/blob/master/plain/files_non_modernized/Nerciat_Monrose.txt
Pertusier_Premiere	Mes premières étourderies	51091	00.117	0	fr	https://github.com/MiMoText/roman18/blob/master/plain/files_non_modernized/Pertusier_Premiere.txt
PigaultLebrun_Adele	Adèle et D'Abligny	20215	00.119	0	fr	https://github.com/MiMoText/roman18/blob/master/plain/files_non_modernized/PigaultLebrun_Adele.txt
PigaultLebrun_Enfant	L'enfant du carnaval	106589	96.50	0	fr	https://github.com/MiMoText/roman18/blob/master/plain/files_non_modernized/PigaultLebrun_Enfant.txt
PigaultLebrun_Kinglin	Monsieur de Kinglin, ou la prescience	21942	00.122	0	fr	https://github.com/MiMoText/roman18/blob/master/plain/files_non_modernized/PigaultLebrun_Kinglin.txt
PigaultLebrun_Metusko	Métusko, ou les polonais	19289	00.120	0	fr	https://github.com/MiMoText/roman18/blob/master/plain/files_non_modernized/PigaultLebrun_Metusko.txt
Popeliniere_Daira	Daïra. Histoire orientale	45378	60.21	Q28530619	fr	https://github.com/MiMoText/roman18/blob/master/plain/files_non_modernized/Popeliniere_Daira.txt
Prevost_Monde	Le monde moral,: ou mémoires pour servir à l'histoire du cœur humain	148056	60.28	0	fr	https://github.com/MiMoText/roman18/blob/master/plain/files_non_modernized/Prevost_Monde.txt
Puget_Periphas	Les aventures de Periphas, descendant de Cécrops	64565	61.17	0	fr	https://github.com/MiMoText/roman18/blob/master/plain/files_non_modernized/Puget_Periphas.txt
Puttelange_Roi	Le Roi Guiot	25627	91.44	0	fr	https://github.com/MiMoText/roman18/blob/master/plain/files_non_modernized/Puttelange_Roi.txt
Quesne_Folies	Les folies d'un conscrit	43938	00.127	0	fr	https://github.com/MiMoText/roman18/blob/master/plain/files_non_modernized/Quesne_Folies.txt
Retif_AntiJustine	L'Anti-Justine	57064	98.84	Q3202134	fr	https://github.com/MiMoText/roman18/blob/master/plain/files_non_modernized/Retif_AntiJustine.txt
Retif_Paysan	Le Paysan perverti ou les Dangers de la ville	227442	76.44	0	fr	https://github.com/MiMoText/roman18/blob/master/plain/files_non_modernized/Retif_Paysan.txt
Retif_Paysanne	La paysanne pervertie ou Les dangers de la ville	199462	84.58	0	fr	https://github.com/MiMoText/roman18/blob/master/plain/files_non_modernized/Retif_Paysanne.txt
Retif_Sara	Histoire de Sara	65626	83.48	Q3321423	fr	https://github.com/MiMoText/roman18/blob/master/plain/files_non_modernized/Retif_Sara.txt
Retif_Vie	La Vie de mon père	57821	79.31	Q3213622	fr	https://github.com/MiMoText/roman18/blob/master/plain/files_non_modernized/Retif_Vie.txt
Reveroni_Pauliska	Pauliska ou la Perversité moderne	64951	98.85	Q3372783	fr	https://github.com/MiMoText/roman18/blob/master/plain/files_non_modernized/Reveroni_Pauliska.txt
Riccoboni_Ernestine	Histoire d'Ernestine	18417	65.40	Q19172956	fr	https://github.com/MiMoText/roman18/blob/master/plain/files_non_modernized/Riccoboni_Ernestine.txt
Riccoboni_Histoire	Histoire du marquis de Cressy	25982	58.17	0	fr	https://github.com/MiMoText/roman18/blob/master/plain/files_non_modernized/Riccoboni_Histoire.txt
Riccoboni_LettreJuliette	Lettre de Milady Juliette Catesby à Milady Henriette Campley	33222	59.22	0	fr	https://github.com/MiMoText/roman18/blob/master/plain/files_non_modernized/Riccoboni_LettreJuliette.txt
Riccoboni_LettresAdelaide	Lettres d'Adelaïde de Dammartin, comtesse de Sancerre, à M. le Comte de Nancé, son ami	49409	67.44	0	fr	https://github.com/MiMoText/roman18/blob/master/plain/files_non_modernized/Riccoboni_LettresAdelaide.txt
Riccoboni_LettresFanni	Lettres de Fanni Butler à Milord Charles Alfred de Caitombridge	32028	57.12	0	fr	https://github.com/MiMoText/roman18/blob/master/plain/files_non_modernized/Riccoboni_LettresFanni.txt
Riccoboni_MissJenny	Histoire de Miss Jenny	94499	64.39	0	fr	https://github.com/MiMoText/roman18/blob/master/plain/files_non_modernized/Riccoboni_MissJenny.txt
Riccoboni_MylordRivers	Lettres de Mylord Rivers à Sir Charles Cardigan	49147	77.57	0	fr	https://github.com/MiMoText/roman18/blob/master/plain/files_non_modernized/Riccoboni_MylordRivers.txt
Ripault_Journee	Une Journée de Paris	13375	97.61	0	fr	https://github.com/MiMoText/roman18/blob/master/plain/files_non_modernized/Ripault_Journee.txt
Rosny_Firmin	Firmin ou le Jouet de la fortune	37304	98.88	Q57200464	fr	https://github.com/MiMoText/roman18/blob/master/plain/files_non_modernized/Rosny_Firmin.txt
Rousseau_Emile	Émile ou de l'éducation	271453	62.33	Q913599	fr	https://github.com/MiMoText/roman18/blob/master/plain/files_non_modernized/Rousseau_Emile.txt
Rousseau_Julie	Julie, ou La nouvelle Héloïse	291120	61.18	Q129289	fr	https://github.com/MiMoText/roman18/blob/master/plain/files_non_modernized/Rousseau_Julie.txt
Rousseau_Reine	La Reine Fantasque	5796	58.18	0	fr	https://github.com/MiMoText/roman18/blob/master/plain/files_non_modernized/Rousseau_Reine.txt
Rousseau_Reveries	Les rêveries du promeneur solitaire	42983	0	Q129476	fr	https://github.com/MiMoText/roman18/blob/master/plain/files_non_modernized/Rousseau_Reveries.txt
Sacy_Amours	Les Amours de Mirtil	13698	61.19	0	fr	https://github.com/MiMoText/roman18/blob/master/plain/files_non_modernized/Sacy_Amours.txt
Sade_120	Les Cent Vingt Journées de Sodome	165998	1	Q1210734	fr	https://github.com/MiMoText/roman18/blob/master/plain/files_non_modernized/Sade_120.txt
Sade_Aline	Aline et Valcour ou le roman philosophique	297960	95.36	Q629452	fr	https://github.com/MiMoText/roman18/blob/master/plain/files_non_modernized/Sade_Aline.txt
Sade_Crimes	Les crimes de l'amour	188640	00.135	Q42310994	fr	https://github.com/MiMoText/roman18/blob/master/plain/files_non_modernized/Sade_Crimes.txt
Sade_Infortunes	Les Infortunes de la vertu	53703	1	Q3233344	fr	https://github.com/MiMoText/roman18/blob/master/plain/files_non_modernized/Sade_Infortunes.txt
Sade_Justine	Justine ou les Malheurs de la vertu	119412	91.42	Q1329470	fr	https://github.com/MiMoText/roman18/blob/master/plain/files_non_modernized/Sade_Justine.txt
Sade_Philosophie	La Philosophie dans le boudoir	67671	95.37	Q1215417	fr	https://github.com/MiMoText/roman18/blob/master/plain/files_non_modernized/Sade_Philosophie.txt
Saurin_Mirza	Mirza et Fatmé	27491	54.31	0	fr	https://github.com/MiMoText/roman18/blob/master/plain/files_non_modernized/Saurin_Mirza.txt
Segur_Correspondance	Correspondance secrète entre Ninon de Lenclos, le Marquis de Villarceaux et Madame M.	36924	89.104	0	fr	https://github.com/MiMoText/roman18/blob/master/plain/files_non_modernized/Segur_Correspondance.txt
Senac_Emigre	L'Émigré	140007	97.74	0	fr	https://github.com/MiMoText/roman18/blob/master/plain/files_non_modernized/Senac_Emigre.txt
Souza_Adele	Adèle de Senange	53365	94.13	0	fr	https://github.com/MiMoText/roman18/blob/master/plain/files_non_modernized/Souza_Adele.txt
Souza_Emilie	Emilie et Alphonse	70730	99.167	0	fr	https://github.com/MiMoText/roman18/blob/master/plain/files_non_modernized/Souza_Emilie.txt
Tiphaigne_Amilec	Amilec	17509	53.33	0	fr	https://github.com/MiMoText/roman18/blob/master/plain/files_non_modernized/Tiphaigne_Amilec.txt
Tiphaigne_Galligenes	Histoire des Galligènes	39652	65.50	0	fr	https://github.com/MiMoText/roman18/blob/master/plain/files_non_modernized/Tiphaigne_Galligenes.txt
Tressan_Jehan	Histoire du petit Jehan de Saintré, et de Gérard de Nevers	28251	80.32	0	fr	https://github.com/MiMoText/roman18/blob/master/plain/files_non_modernized/Tressan_Jehan.txt
Tressan_Prince	Histoires du petit Jehan de Saintré, et de Gérard de Nevers	29407	80.33	0	fr	https://github.com/MiMoText/roman18/blob/master/plain/files_non_modernized/Tressan_Prince.txt
Villeneuve_Temps	Le temps et la patience	83230	68.54	0	fr	https://github.com/MiMoText/roman18/blob/master/plain/files_non_modernized/Villeneuve_Temps.txt
Voisenon_Histoire	Histoire de la Félicité	10888	51.42	0	fr	https://github.com/MiMoText/roman18/blob/master/plain/files_non_modernized/Voisenon_Histoire.txt
Voltaire_Amabed	Les Lettres d'Amabed	16951	69.69	Q41712151	fr	https://github.com/MiMoText/roman18/blob/master/plain/files_non_modernized/Voltaire_Amabed.txt
Voltaire_Bramin	Histoire d'un bon Bramin	962	61.26	Q3136613	fr	https://github.com/MiMoText/roman18/blob/master/plain/files_non_modernized/Voltaire_Bramin.txt
Voltaire_Candide	Candide, ou l'Optimisme	33824	59.25	Q215894	fr	https://github.com/MiMoText/roman18/blob/master/plain/files_non_modernized/Voltaire_Candide.txt
Voltaire_Consoles	Les deux consolés	601	56.32	Q3231998	fr	https://github.com/MiMoText/roman18/blob/master/plain/files_non_modernized/Voltaire_Consoles.txt
Voltaire_Eloge	Éloge historique de la raison	3448	75.43	Q3588033	fr	https://github.com/MiMoText/roman18/blob/master/plain/files_non_modernized/Voltaire_Eloge.txt
Voltaire_Homme	L'Homme aux quarante écus	23195	68.55	Q3203608	fr	https://github.com/MiMoText/roman18/blob/master/plain/files_non_modernized/Voltaire_Homme.txt
Voltaire_Ingenu	L'Ingénu	24821	67.52	Q1985932	fr	https://github.com/MiMoText/roman18/blob/master/plain/files_non_modernized/Voltaire_Ingenu.txt
Voltaire_Jenni	Histoire de Jenni	22075	75.44	Q41712912	fr	https://github.com/MiMoText/roman18/blob/master/plain/files_non_modernized/Voltaire_Jenni.txt
Voltaire_Micromegas	Micromégas	7110	52.43	Q1785978	fr	https://github.com/MiMoText/roman18/blob/master/plain/files_non_modernized/Voltaire_Micromegas.txt
Voltaire_Oreilles	Les oreilles du comte de Chesterfield	6870	75.46	Q41713301	fr	https://github.com/MiMoText/roman18/blob/master/plain/files_non_modernized/Voltaire_Oreilles.txt
Voltaire_Princesse	La Princesse de Babylone	27534	68.56	Q3211934	fr	https://github.com/MiMoText/roman18/blob/master/plain/files_non_modernized/Voltaire_Princesse.txt
Voltaire_Scarmentado	Histoire des voyages de Scarmentado	2917	56.32	Q3137630	fr	https://github.com/MiMoText/roman18/blob/master/plain/files_non_modernized/Voltaire_Scarmentado.txt
Voltaire_Songe	Songe de Platon	1575	56.32	Q3490360	fr	https://github.com/MiMoText/roman18/blob/master/plain/files_non_modernized/Voltaire_Songe.txt
Voltaire_Taureau	Le taureau blanc	11966	74.33	Q1154722	fr	https://github.com/MiMoText/roman18/blob/master/plain/files_non_modernized/Voltaire_Taureau.txt
